sm,block,warp_in_block,opcode,category,exec_count,stall_count,stall_sum_gap_ns,stall_mean_ns,stall_max_ns
1,0,4,VAND_VV_0x26d80857,other,32768,32768,99971680,3050.8935546875,19820
1,0,5,VAND_VV_0x26d80857,other,32768,32768,99520850,3037.1353149414062,18230
1,0,1,VAND_VV_0x26d80857,other,32768,32768,95783560,2923.082275390625,18290
1,0,0,VAND_VV_0x26d80857,other,32768,32768,95661770,2919.3655395507812,18290
1,0,3,VSW12_V_0x00e1607b,mem,32768,32768,94443670,2882.1920776367188,21280
1,0,2,VSW12_V_0x00e1607b,mem,32768,32768,93310790,2847.6193237304688,19970
1,0,7,VAND_VV_0x26d80857,other,32768,32768,84159480,2568.343505859375,18920
1,0,3,VAND_VV_0x27070857,other,32768,32768,83831330,2558.3291625976562,18970
1,0,1,VAND_VV_0x27070857,other,32768,32768,83306320,2542.30712890625,18350
1,0,2,VAND_VV_0x27070857,other,32768,32768,83268220,2541.1444091796875,18630
1,0,6,VAND_VV_0x26d80857,other,32768,32768,83010270,2533.2723999023438,18830
1,0,0,VAND_VV_0x27070857,other,32768,32768,81121100,2475.6195068359375,19370
1,0,5,VAND_VV_0x27070857,other,32768,32768,81117100,2475.4974365234375,18340
1,0,2,VAND_VV_0x26d80857,other,32768,32768,80949800,2470.391845703125,18950
1,0,3,VAND_VV_0x26d80857,other,32768,32768,80170930,2446.6226196289062,18780
1,0,4,VAND_VV_0x27070857,other,32768,32768,80022330,2442.0877075195312,18380
1,0,7,VAND_VV_0x27070857,other,32768,32768,79953280,2439.98046875,18740
1,0,6,VAND_VV_0x27070857,other,32768,32768,79008480,2411.1474609375,18620
1,0,1,VLW12_V_0x0007287b,mem,1048576,1048576,72750950,69.38071250915527,160
1,0,0,VLW12_V_0x0007287b,mem,1048576,1048576,72740180,69.37044143676758,160
1,0,7,VLW12_V_0x0007287b,mem,1048576,1048576,72737360,69.36775207519531,160
1,0,6,VLW12_V_0x0007287b,mem,1048576,1048576,72674200,69.3075180053711,160
1,0,4,VLW12_V_0x0007287b,mem,1048576,1048576,72627070,69.26257133483887,160
1,0,5,VLW12_V_0x0007287b,mem,1048576,1048576,72614470,69.25055503845215,160
1,0,7,JOIN,other,100388,100388,72195620,719.1658365541698,18590
1,0,3,VLW12_V_0x0007287b,mem,1048576,1048576,72125810,68.78453254699707,160
1,0,2,VLW12_V_0x0007287b,mem,1048576,1048576,72124260,68.78305435180664,160
1,0,6,VMSLT_VX_0x6ea4c757,compute,33792,33792,71001350,2101.128965435606,19750
1,0,7,VMSLT_VX_0x6ea4c757,compute,33792,33792,70166110,2076.411872632576,18460
1,0,6,JOIN,other,100388,100388,68402940,681.3856237797346,19700
1,0,1,VSW12_V_0x00e1607b,mem,32768,32768,65513280,1999.306640625,18730
1,0,0,JOIN,other,100388,100388,64502420,642.5311790253816,16450
1,0,6,VSW12_V_0x00e1607b,mem,32768,32768,63440080,1936.03759765625,17750
1,0,5,VSW12_V_0x00e1607b,mem,32768,32768,63422620,1935.5047607421875,20570
1,0,0,VSW12_V_0x00e1607b,mem,32768,32768,62470290,1906.4419555664062,18730
1,0,4,JOIN,other,100388,100388,61978000,617.3845479539387,16960
1,0,5,VMSLT_VX_0x6ea4c757,compute,33792,33792,61107500,1808.3422111742425,16270
1,0,1,JOIN,other,100388,100388,61051970,608.1600390484919,16640
1,0,4,VMSLT_VX_0x6ea4c757,compute,33792,33792,60869380,1801.2955729166667,16300
1,0,4,VSW12_V_0x00e1607b,mem,32768,32768,60642320,1850.65673828125,21200
1,0,0,VMSLT_VX_0x6ea4c757,compute,33792,33792,59300000,1754.8532196969697,16870
1,0,5,JOIN,other,100388,100388,58356840,581.3129059250109,16100
1,0,7,VSW12_V_0x00e1607b,mem,32768,32768,57965280,1768.9599609375,17840
1,0,1,VMSLT_VX_0x6ea4c757,compute,33792,33792,57739240,1708.665956439394,16250
1,0,2,JOIN,other,100388,100388,57095350,568.7467625612624,16430
1,0,3,JOIN,other,100388,100388,56051210,558.3457186117863,17030
1,0,3,SETRPC,other,1249356,1249356,54530320,43.646742801891534,130
1,0,2,SETRPC,other,1249356,1249356,54521020,43.63929896682771,130
1,0,6,SETRPC,other,1249356,1249356,54086170,43.291239646665964,130
1,0,7,SETRPC,other,1249356,1249356,54060470,43.27066904869389,130
1,0,1,SETRPC,other,1249356,1249356,54016150,43.235194772346716,140
1,0,0,SETRPC,other,1249356,1249356,53986270,43.21127845065778,130
1,0,5,SETRPC,other,1249356,1249356,53933270,43.1688565949177,130
1,0,4,SETRPC,other,1249356,1249356,53901210,43.14319537425682,130
1,0,2,VMSLT_VX_0x6ea4c757,compute,33792,33792,49832480,1474.6827651515152,18040
1,0,3,VMSLT_VX_0x6ea4c757,compute,33792,33792,49513190,1465.2340790719697,16150
1,0,4,ADDI,addr,524322,524322,45414960,86.6165447949924,180
1,0,5,ADDI,addr,524322,524322,45409270,86.60569268502942,210
1,0,0,ADDI,addr,524322,524322,45196240,86.19939655402597,1190
1,0,1,ADDI,addr,524322,524322,45139080,86.09037957590947,3010
1,0,7,ADDI,addr,524322,524322,43264380,82.51490496298076,7530
1,0,6,ADDI,addr,524322,524322,43190420,82.37384660571176,7160
1,0,2,ADDI,addr,524322,524322,43105980,82.21280053097142,1630
1,0,3,ADDI,addr,524322,524322,43096960,82.19559736192645,2020
1,0,6,JAL,control,1186008,1186008,38917840,32.81414627894584,150
1,0,4,JAL,control,1186008,1186008,38588260,32.536256079217004,160
1,0,5,JAL,control,1186008,1186008,38498860,32.46087716103096,160
1,0,7,JAL,control,1186008,1186008,38491270,32.45447754146684,160
1,0,3,JAL,control,1186008,1186008,38482620,32.44718416739179,160
1,0,0,JAL,control,1186008,1186008,38382060,32.362395531901974,160
1,0,1,JAL,control,1186008,1186008,38143460,32.16121645047925,160
1,0,2,JAL,control,1186008,1186008,37855780,31.91865484887117,160
1,0,1,JUMP,control,593011,593011,32811090,55.32964818527818,160
1,0,0,JUMP,control,593011,593011,32543340,54.878138854085336,160
1,0,5,JUMP,control,593011,593011,32466340,54.74829303335014,150
1,0,4,JUMP,control,593011,593011,32401530,54.63900332371575,160
1,0,2,JUMP,control,593011,593011,32228830,54.347777697209665,160
1,0,7,JUMP,control,593011,593011,32217140,54.32806474078895,160
1,0,6,JUMP,control,593011,593011,31763770,53.56354266615628,160
1,0,3,JUMP,control,593011,593011,31592630,53.2749476822521,160
1,0,3,VBEQ,control,1179656,1179656,29006240,24.588727561255144,80
1,0,2,VBEQ,control,1179656,1179656,28968640,24.556853862481944,80
1,0,0,VBEQ,control,1179656,1179656,28878260,24.480238306760615,90
1,0,1,VBEQ,control,1179656,1179656,28873750,24.47641515831734,80
1,0,6,VBEQ,control,1179656,1179656,28690960,24.32146320622283,80
1,0,7,VBEQ,control,1179656,1179656,28646510,24.283782729880574,80
1,0,5,VBEQ,control,1179656,1179656,28506510,24.165104064235674,80
1,0,4,VBEQ,control,1179656,1179656,28496450,24.156576154404334,80
1,0,1,VADD_VX_0x02b047d7,compute,524288,524288,24840060,47.37865447998047,90
1,0,0,VADD_VX_0x02b047d7,compute,524288,524288,24823670,47.34739303588867,100
1,0,7,VADD_VX_0x02b047d7,compute,524288,524288,24737090,47.182254791259766,100
1,0,6,VADD_VX_0x02b047d7,compute,524288,524288,24698250,47.10817337036133,100
1,0,2,VADD_VX_0x02b047d7,compute,524288,524288,24533230,46.79342269897461,100
1,0,4,VADD_VX_0x02b047d7,compute,524288,524288,24523340,46.774559020996094,90
1,0,5,VADD_VX_0x02b047d7,compute,524288,524288,24517060,46.76258087158203,100
1,0,3,VADD_VX_0x02b047d7,compute,524288,524288,24510360,46.74980163574219,100
1,0,3,VADD_VV_0x024685d7,compute,524288,524288,24006110,45.788021087646484,80
1,0,2,VADD_VV_0x024685d7,compute,524288,524288,24003710,45.783443450927734,90
1,0,5,VADD_VV_0x024685d7,compute,524288,524288,23871270,45.53083419799805,90
1,0,4,VADD_VV_0x024685d7,compute,524288,524288,23850180,45.49060821533203,90
1,0,6,VADD_VV_0x024685d7,compute,524288,524288,23774650,45.3465461730957,90
1,0,0,VLW12_V_0x0005a5fb,mem,1048576,1048576,23771220,22.670001983642578,60
1,0,7,VADD_VV_0x024685d7,compute,524288,524288,23768210,45.33426284790039,90
1,0,0,VADD_VV_0x024685d7,compute,524288,524288,23767960,45.33378601074219,90
1,0,1,VADD_VV_0x024685d7,compute,524288,524288,23741430,45.28318405151367,90
1,0,1,VLW12_V_0x0005a5fb,mem,1048576,1048576,23741080,22.641258239746094,60
1,0,5,VLW12_V_0x0005a5fb,mem,1048576,1048576,23547970,22.457094192504883,60
1,0,4,VLW12_V_0x0005a5fb,mem,1048576,1048576,23530160,22.440109252929688,60
1,0,2,VLW12_V_0x0005a5fb,mem,1048576,1048576,23456860,22.37020492553711,60
1,0,3,VMV_V_X_0x5e02c7d7,compute,524288,524288,23399630,44.63125228881836,100
1,0,2,VMV_V_X_0x5e02c7d7,compute,524288,524288,23392520,44.61769104003906,100
1,0,0,VMV_V_X_0x5e02c7d7,compute,524288,524288,23389180,44.61132049560547,100
1,0,3,VLW12_V_0x0005a5fb,mem,1048576,1048576,23388750,22.30525016784668,70
1,0,1,VMV_V_X_0x5e02c7d7,compute,524288,524288,23388230,44.6095085144043,100
1,0,6,VMV_V_X_0x5e02c7d7,compute,524288,524288,23320960,44.481201171875,100
1,0,7,VMV_V_X_0x5e02c7d7,compute,524288,524288,23299470,44.44021224975586,100
1,0,7,VLW12_V_0x0005a5fb,mem,1048576,1048576,23053300,21.985340118408203,60
1,0,4,VMV_V_X_0x5e02c7d7,compute,524288,524288,23029590,43.92545700073242,90
1,0,5,VMV_V_X_0x5e02c7d7,compute,524288,524288,23024960,43.9166259765625,100
1,0,6,VLW12_V_0x0005a5fb,mem,1048576,1048576,23024860,21.95821762084961,60
1,0,7,AUIPC,addr,624684,624684,22883710,36.632457370446495,100
1,0,4,AUIPC,addr,624684,624684,22821800,36.53335126239827,100
1,0,6,AUIPC,addr,624684,624684,22805920,36.5079304096151,360
1,0,5,AUIPC,addr,624684,624684,22784890,36.47426538858046,80
1,0,3,AUIPC,addr,624684,624684,22457660,35.950432538691565,100
1,0,2,AUIPC,addr,624684,624684,22444160,35.92882161220713,390
1,0,1,AUIPC,addr,624684,624684,22137700,35.43823757291687,80
1,0,0,AUIPC,addr,624684,624684,22082640,35.35009700904777,100
1,0,6,VADD_VI_0x02d236d7,compute,524288,524288,15088090,28.778247833251953,120
1,0,7,VADD_VI_0x02d236d7,compute,524288,524288,15031690,28.670673370361328,120
1,0,3,VADD_VI_0x02d236d7,compute,524288,524288,14830150,28.286266326904297,120
1,0,2,VADD_VI_0x02d236d7,compute,524288,524288,14814640,28.256683349609375,120
1,0,3,VFMADD_VV_0xa2f815d7,compute,524288,524288,14561850,27.774524688720703,90
1,0,2,VFMADD_VV_0xa2f815d7,compute,524288,524288,14546450,27.74515151977539,90
1,0,3,LW,mem,135220,135220,14530850,107.46080461470197,3460
1,0,2,LW,mem,135220,135220,14528070,107.44024552580979,7690
1,0,0,LW,mem,135220,135220,14490870,107.1651382931519,17730
1,0,7,VFMADD_VV_0xa2f815d7,compute,524288,524288,14482310,27.622814178466797,90
1,0,5,LW,mem,135220,135220,14479290,107.07950007395355,17730
1,0,1,LW,mem,135220,135220,14475870,107.05420795740275,3460
1,0,6,VFMADD_VV_0xa2f815d7,compute,524288,524288,14463510,27.586956024169922,90
1,0,6,LW,mem,135220,135220,14452530,106.88160035497708,3460
1,0,7,LW,mem,135220,135220,14452470,106.88115663363408,3460
1,0,4,LW,mem,135220,135220,14449420,106.85860079869842,3540
1,0,5,VFMADD_VV_0xa2f815d7,compute,524288,524288,14355960,27.381820678710938,90
1,0,4,VFMADD_VV_0xa2f815d7,compute,524288,524288,14301620,27.278175354003906,90
1,0,1,VADD_VI_0x02d236d7,compute,524288,524288,14187660,27.060813903808594,120
1,0,0,VADD_VI_0x02d236d7,compute,524288,524288,14100300,26.894187927246094,120
1,0,0,VFMADD_VV_0xa2f815d7,compute,524288,524288,14053540,26.80500030517578,90
1,0,1,VFMADD_VV_0xa2f815d7,compute,524288,524288,14048840,26.796035766601562,90
1,0,4,VADD_VI_0x02d236d7,compute,524288,524288,13791000,26.304244995117188,120
1,0,5,VADD_VI_0x02d236d7,compute,524288,524288,13721220,26.17115020751953,120
1,0,3,VADD12_VI_0x0407070b,compute,524288,524288,10918620,20.82561492919922,60
1,0,2,VADD12_VI_0x0407070b,compute,524288,524288,10916000,20.82061767578125,60
1,0,0,VADD12_VI_0x0407070b,compute,524288,524288,10688060,20.38585662841797,60
1,0,1,VADD12_VI_0x0407070b,compute,524288,524288,10646530,20.306644439697266,60
1,0,6,VADD12_VI_0x0407070b,compute,524288,524288,10608160,20.23345947265625,60
1,0,7,VADD12_VI_0x0407070b,compute,524288,524288,10570720,20.16204833984375,60
1,0,5,VADD12_VI_0x0407070b,compute,524288,524288,10246950,19.544506072998047,60
1,0,4,VADD12_VI_0x0407070b,compute,524288,524288,10232460,19.516868591308594,60
1,0,3,VMV_V_X_0x5e03c6d7,compute,32768,32768,9447520,288.3154296875,600
1,0,2,VMV_V_X_0x5e03c6d7,compute,32768,32768,9414880,287.3193359375,570
1,0,5,VMV_V_X_0x5e03c6d7,compute,32768,32768,8992670,274.43450927734375,570
1,0,4,VMV_V_X_0x5e03c6d7,compute,32768,32768,8975560,273.912353515625,690
1,0,6,VMV_V_X_0x5e03c6d7,compute,32768,32768,8859190,270.36102294921875,570
1,0,7,VMV_V_X_0x5e03c6d7,compute,32768,32768,8740870,266.75018310546875,570
1,0,0,VMV_V_X_0x5e03c6d7,compute,32768,32768,8337670,254.44549560546875,610
1,0,1,VMV_V_X_0x5e03c6d7,compute,32768,32768,8292960,253.0810546875,570
1,0,2,VSLL_VI_0x96d136d7,mem,65536,65536,5690520,86.8304443359375,130
1,0,3,VSLL_VI_0x96d136d7,mem,65536,65536,5688290,86.79641723632812,130
1,0,7,VSLL_VI_0x96d136d7,mem,65536,65536,5675370,86.59927368164062,130
1,0,6,VSLL_VI_0x96d136d7,mem,65536,65536,5665480,86.4483642578125,120
1,0,4,VSLL_VI_0x96d136d7,mem,65536,65536,5639660,86.05438232421875,110
1,0,5,VSLL_VI_0x96d136d7,mem,65536,65536,5636380,86.00433349609375,110
1,0,0,VSLL_VI_0x96d136d7,mem,65536,65536,5632020,85.93780517578125,120
1,0,1,VSLL_VI_0x96d136d7,mem,65536,65536,5631590,85.93124389648438,120
1,0,0,VADD_VV_0x02988557,compute,1024,1024,4713770,4603.291015625,19270
1,0,4,VADD_VV_0x02988557,compute,1024,1024,4554060,4447.32421875,18890
1,0,1,VADD_VV_0x02988557,compute,1024,1024,4329760,4228.28125,19440
1,0,7,VADD_VV_0x02988557,compute,1024,1024,4310360,4209.3359375,17210
1,0,5,VADD_VV_0x02988557,compute,1024,1024,4302320,4201.484375,19060
1,0,1,VBLT,control,67650,67650,4253730,62.878492239467846,150
1,0,0,VBLT,control,67650,67650,4246550,62.77235772357724,150
1,0,5,VBLT,control,67650,67650,4202090,62.11515151515152,150
1,0,4,VBLT,control,67650,67650,4198510,62.06223207686622,150
1,0,3,VADD_VV_0x02988557,compute,1024,1024,4191520,4093.28125,17540
1,0,2,VBLT,control,67650,67650,3970010,58.68455284552846,150
1,0,7,VBLT,control,67650,67650,3961460,58.55816703621581,150
1,0,6,VBLT,control,67650,67650,3961310,58.555949741315594,150
1,0,3,VBLT,control,67650,67650,3958760,58.51825572801182,150
1,0,6,VADD_VV_0x02988557,compute,1024,1024,3907920,3816.328125,17710
1,0,2,VADD_VV_0x02988557,compute,1024,1024,3907280,3815.703125,17380
1,0,1,VMV_V_X_0x5e0047d7,compute,65536,65536,3724300,56.82830810546875,80
1,0,0,VMV_V_X_0x5e0047d7,compute,65536,65536,3712050,56.641387939453125,80
1,0,5,VMV_V_X_0x5e0047d7,compute,65536,65536,3698180,56.42974853515625,80
1,0,4,VMV_V_X_0x5e0047d7,compute,65536,65536,3681670,56.177825927734375,80
1,0,7,VMV_V_X_0x5e0047d7,compute,65536,65536,3522880,53.7548828125,80
1,0,6,VMV_V_X_0x5e0047d7,compute,65536,65536,3513850,53.617095947265625,80
1,0,2,VMV_V_X_0x5e0047d7,compute,65536,65536,3454060,52.70477294921875,80
1,0,3,VMV_V_X_0x5e0047d7,compute,65536,65536,3447950,52.611541748046875,80
1,0,3,VADD_VV_0x02c88757,compute,32768,32768,3142980,95.9161376953125,110
1,0,2,VADD_VV_0x02c88757,compute,32768,32768,3140980,95.8551025390625,110
1,0,7,VADD_VV_0x02c88757,compute,32768,32768,3117680,95.14404296875,110
1,0,6,VADD_VV_0x02c88757,compute,32768,32768,3117400,95.135498046875,110
1,0,7,VSW12_V_0x00d0e07b,mem,32768,32768,2969310,90.61614990234375,120
1,0,6,VSW12_V_0x00d0e07b,mem,32768,32768,2962850,90.41900634765625,110
1,0,4,VSW12_V_0x00d0e07b,mem,32768,32768,2954670,90.16937255859375,120
1,0,5,VSW12_V_0x00d0e07b,mem,32768,32768,2954610,90.16754150390625,130
1,0,0,VSW12_V_0x00d0e07b,mem,32768,32768,2945220,89.8809814453125,130
1,0,1,VSW12_V_0x00d0e07b,mem,32768,32768,2944000,89.84375,130
1,0,4,VADD_VV_0x02c88757,compute,32768,32768,2908660,88.7652587890625,110
1,0,1,VADD_VV_0x02c88757,compute,32768,32768,2907560,88.731689453125,110
1,0,0,VADD_VV_0x02c88757,compute,32768,32768,2906040,88.685302734375,110
1,0,5,VADD_VV_0x02c88757,compute,32768,32768,2904940,88.6517333984375,110
1,0,3,VSW12_V_0x00d0e07b,mem,32768,32768,2885310,88.05267333984375,130
1,0,2,VSW12_V_0x00d0e07b,mem,32768,32768,2869780,87.5787353515625,130
1,0,5,VMV_V_X_0x5e0046d7,compute,32768,32768,2700450,82.41119384765625,6210
1,0,3,VMADD_VX_0xa6a4e6d7,compute,32768,32768,2670160,81.48681640625,90
1,0,2,VMADD_VX_0xa6a4e6d7,compute,32768,32768,2670010,81.48223876953125,90
1,0,1,VMADD_VX_0xa6a4e6d7,compute,32768,32768,2668260,81.4288330078125,100
1,0,0,VMADD_VX_0xa6a4e6d7,compute,32768,32768,2667850,81.41632080078125,110
1,0,5,VMADD_VX_0xa6a4e6d7,compute,32768,32768,2665110,81.33270263671875,110
1,0,4,VMADD_VX_0xa6a4e6d7,compute,32768,32768,2660420,81.1895751953125,100
1,0,0,VADD_VV_0x02e386d7,compute,32768,32768,2656150,81.05926513671875,120
1,0,1,VADD_VV_0x02e386d7,compute,32768,32768,2655410,81.03668212890625,120
1,0,7,VMADD_VX_0xa6a4e6d7,compute,32768,32768,2653790,80.98724365234375,90
1,0,6,VMADD_VX_0xa6a4e6d7,compute,32768,32768,2653500,80.9783935546875,90
1,0,5,VADD_VV_0x02c006d7,compute,32768,32768,2643580,80.6756591796875,100
1,0,4,VADD_VV_0x02c006d7,compute,32768,32768,2642820,80.6524658203125,100
1,0,0,VADD_VV_0x02c006d7,compute,32768,32768,2634650,80.40313720703125,90
1,0,1,VADD_VV_0x02c006d7,compute,32768,32768,2632470,80.33660888671875,100
1,0,2,VADD_VV_0x02c006d7,compute,32768,32768,2632170,80.32745361328125,90
1,0,3,VADD_VV_0x02c006d7,compute,32768,32768,2631230,80.29876708984375,100
1,0,3,VADD_VV_0x02e386d7,compute,32768,32768,2629820,80.2557373046875,100
1,0,2,VADD_VV_0x02e386d7,compute,32768,32768,2629640,80.250244140625,100
1,0,7,VADD_VV_0x02c006d7,compute,32768,32768,2629150,80.23529052734375,100
1,0,6,VADD_VV_0x02c006d7,compute,32768,32768,2628580,80.2178955078125,100
1,0,6,VADD_VV_0x02e386d7,compute,32768,32768,2628560,80.21728515625,100
1,0,7,VADD_VV_0x02e386d7,compute,32768,32768,2627680,80.1904296875,100
1,0,5,VADD_VV_0x02e386d7,compute,32768,32768,2623200,80.0537109375,120
1,0,4,VADD_VV_0x02e386d7,compute,32768,32768,2623190,80.05340576171875,120
1,0,2,VLW12_V_0x0006a6fb,mem,65536,65536,2579140,39.35455322265625,120
1,0,3,VLW12_V_0x0006a6fb,mem,65536,65536,2570760,39.2266845703125,90
1,0,4,VMV_V_X_0x5e0046d7,compute,32768,32768,2570200,78.436279296875,6210
1,0,1,VMV_V_X_0x5e0046d7,compute,32768,32768,2566150,78.31268310546875,3890
1,0,0,VMV_V_X_0x5e0046d7,compute,32768,32768,2543090,77.60894775390625,16420
1,0,1,VLW12_V_0x0006a6fb,mem,65536,65536,2530130,38.606719970703125,90
1,0,0,VLW12_V_0x0006a6fb,mem,65536,65536,2528590,38.583221435546875,90
1,0,5,VLW12_V_0x0006a6fb,mem,65536,65536,2513100,38.34686279296875,90
1,0,4,VLW12_V_0x0006a6fb,mem,65536,65536,2506400,38.24462890625,90
1,0,7,VLW12_V_0x0006a6fb,mem,65536,65536,2484640,37.91259765625,80
1,0,6,VLW12_V_0x0006a6fb,mem,65536,65536,2468480,37.666015625,80
1,0,3,VMV_V_X_0x5e0046d7,compute,32768,32768,2440940,74.4915771484375,2710
1,0,3,VLW12_V_0x0006a77b,mem,65536,65536,2414090,36.836090087890625,70
1,0,2,VLW12_V_0x0006a77b,mem,65536,65536,2412380,36.80999755859375,70
1,0,5,VLW12_V_0x0006a77b,mem,65536,65536,2383060,36.36260986328125,60
1,0,1,VLW12_V_0x0006a77b,mem,65536,65536,2382810,36.358795166015625,60
1,0,0,VLW12_V_0x0006a77b,mem,65536,65536,2376170,36.257476806640625,70
1,0,4,VLW12_V_0x0006a77b,mem,65536,65536,2375850,36.252593994140625,60
1,0,6,VLW12_V_0x0006a77b,mem,65536,65536,2360000,36.0107421875,70
1,0,7,VLW12_V_0x0006a77b,mem,65536,65536,2355700,35.94512939453125,60
1,0,6,VMSLT_VX_0x6e6546d7,compute,33792,33792,2326270,68.84084990530303,80
1,0,2,VMV_V_X_0x5e0046d7,compute,32768,32768,2325350,70.96405029296875,2150
1,0,7,VMSLT_VX_0x6e6546d7,compute,33792,33792,2311700,68.40968276515152,80
1,0,3,VMSLT_VX_0x6e6546d7,compute,33792,33792,2299580,68.05101799242425,80
1,0,2,VMSLT_VX_0x6e6546d7,compute,33792,33792,2293500,67.87109375,80
1,0,6,VMV_V_X_0x5e0046d7,compute,32768,32768,2273820,69.3914794921875,2440
1,0,7,VMV_V_X_0x5e0046d7,compute,32768,32768,2266300,69.1619873046875,2270
1,0,5,VMSLT_VX_0x6e6546d7,compute,33792,33792,2102640,62.22301136363637,80
1,0,4,VMSLT_VX_0x6e6546d7,compute,33792,33792,2088260,61.79746685606061,80
1,0,4,LUI,addr,67585,67585,2030280,30.040393578456758,190
1,0,5,LUI,addr,67585,67585,2025050,29.96300954353777,60
1,0,3,LUI,addr,67585,67585,1987660,29.409780276688615,70
1,0,2,LUI,addr,67585,67585,1981050,29.31197750980247,960
1,0,0,VMSLT_VX_0x6e6546d7,compute,33792,33792,1975720,58.467092803030305,80
1,0,1,VMSLT_VX_0x6e6546d7,compute,33792,33792,1969980,58.29723011363637,80
1,0,0,LUI,addr,67585,67585,1955840,28.938965746837315,60
1,0,1,LUI,addr,67585,67585,1936220,28.648664644521713,1210
1,0,7,LUI,addr,67585,67585,1896970,28.067914478064658,60
1,0,6,LUI,addr,67585,67585,1887360,27.925723163423836,120
1,0,0,VADD12_VI_0x0106060b,compute,32768,32768,1747930,53.34259033203125,100
1,0,1,VADD12_VI_0x0106060b,compute,32768,32768,1746010,53.28399658203125,100
1,0,5,VADD12_VI_0x0106060b,compute,32768,32768,1696230,51.76483154296875,100
1,0,4,VADD12_VI_0x0106060b,compute,32768,32768,1693120,51.669921875,100
1,0,3,VADD12_VI_0x0106060b,compute,32768,32768,1646490,50.24688720703125,100
1,0,6,VADD12_VI_0x0106060b,compute,32768,32768,1641750,50.10223388671875,100
1,0,7,VADD12_VI_0x0106060b,compute,32768,32768,1629060,49.7149658203125,80
1,0,2,VADD12_VI_0x0106060b,compute,32768,32768,1627410,49.66461181640625,80
1,0,6,VADD_VX_0x02d6c6d7,compute,32768,32768,1341930,40.95245361328125,50
1,0,7,VADD_VX_0x02d6c6d7,compute,32768,32768,1339970,40.89263916015625,50
1,0,0,VADD_VX_0x02d6c6d7,compute,32768,32768,1337070,40.80413818359375,50
1,0,1,VADD_VX_0x02d6c6d7,compute,32768,32768,1336480,40.7861328125,50
1,0,4,VADD_VX_0x02d6c6d7,compute,32768,32768,1328250,40.53497314453125,50
1,0,5,VADD_VX_0x02d6c6d7,compute,32768,32768,1326450,40.48004150390625,50
1,0,3,VADD_VX_0x02d6c6d7,compute,32768,32768,1318130,40.22613525390625,50
1,0,0,VADD_VX_0x02d646d7,compute,32768,32768,1317080,40.194091796875,50
1,0,2,VADD_VX_0x02d6c6d7,compute,32768,32768,1317040,40.19287109375,360
1,0,1,VADD_VX_0x02d646d7,compute,32768,32768,1315880,40.157470703125,60
1,0,5,VADD_VX_0x02d646d7,compute,32768,32768,1313080,40.072021484375,50
1,0,4,VADD_VX_0x02d646d7,compute,32768,32768,1312800,40.0634765625,60
1,0,3,VADD_VX_0x02d646d7,compute,32768,32768,1311340,40.0189208984375,60
1,0,2,VADD_VX_0x02d646d7,compute,32768,32768,1311140,40.0128173828125,60
1,0,7,VADD_VX_0x02d646d7,compute,32768,32768,1311130,40.01251220703125,50
1,0,6,VADD_VX_0x02d646d7,compute,32768,32768,1310780,40.0018310546875,60
1,0,6,VMV_V_X_0x5e02c6d7,compute,32768,32768,973680,29.71435546875,30
1,0,7,VMV_V_X_0x5e02c6d7,compute,32768,32768,968500,29.5562744140625,30
1,0,2,VMV_V_X_0x5e02c6d7,compute,32768,32768,949760,28.984375,30
1,0,5,VMV_V_X_0x5e02c6d7,compute,32768,32768,949060,28.9630126953125,30
1,0,4,VMV_V_X_0x5e02c6d7,compute,32768,32768,945660,28.8592529296875,30
1,0,0,VMV_V_X_0x5e02c6d7,compute,32768,32768,935100,28.5369873046875,30
1,0,3,VMV_V_X_0x5e02c6d7,compute,32768,32768,934330,28.51348876953125,30
1,0,1,VMV_V_X_0x5e02c6d7,compute,32768,32768,931520,28.427734375,30
1,0,6,VMV_V_X_0x5e02c757,compute,32768,32768,904540,27.6043701171875,30
1,0,2,VMV_V_X_0x5e02c757,compute,32768,32768,900000,27.4658203125,40
1,0,7,VMV_V_X_0x5e02c757,compute,32768,32768,899640,27.454833984375,30
1,0,3,VMV_V_X_0x5e02c757,compute,32768,32768,898540,27.4212646484375,40
1,0,3,VMSLT_VX_0x6ee3c857,compute,32768,32768,880480,26.8701171875,60
1,0,1,VMV_V_X_0x5e02c757,compute,32768,32768,878450,26.80816650390625,40
1,0,2,VMSLT_VX_0x6ee3c857,compute,32768,32768,876170,26.73858642578125,60
1,0,0,VMV_V_X_0x5e02c757,compute,32768,32768,867380,26.4703369140625,40
1,0,6,VMSLT_VX_0x6ed3c857,compute,32768,32768,847700,25.8697509765625,50
1,0,5,VMV_V_X_0x5e02c757,compute,32768,32768,846300,25.8270263671875,30
1,0,7,VMSLT_VX_0x6ed3c857,compute,32768,32768,845760,25.810546875,50
1,0,1,VMSLT_VX_0x6ed3c857,compute,32768,32768,842380,25.7073974609375,50
1,0,4,VMV_V_X_0x5e02c757,compute,32768,32768,842160,25.70068359375,30
1,0,5,VMSLT_VX_0x6ed3c857,compute,32768,32768,840320,25.64453125,50
1,0,0,VMSLT_VX_0x6ed3c857,compute,32768,32768,836400,25.52490234375,50
1,0,4,VMSLT_VX_0x6ed3c857,compute,32768,32768,832000,25.390625,50
1,0,6,VMSLT_VX_0x6ee3c857,compute,32768,32768,813300,24.8199462890625,60
1,0,7,VMSLT_VX_0x6ee3c857,compute,32768,32768,810100,24.7222900390625,60
1,0,2,VMSLT_VX_0x6ed3c857,compute,32768,32768,673170,20.54351806640625,50
1,0,3,VMSLT_VX_0x6ed3c857,compute,32768,32768,664800,20.2880859375,50
1,0,4,VMSLT_VX_0x6ee3c857,compute,32768,32768,652930,19.92584228515625,60
1,0,1,VMSLT_VX_0x6ee3c857,compute,32768,32768,650090,19.83917236328125,60
1,0,5,VMSLT_VX_0x6ee3c857,compute,32768,32768,637640,19.459228515625,60
1,0,0,VMSLT_VX_0x6ee3c857,compute,32768,32768,636960,19.4384765625,60
1,0,0,VMV_V_X_0x5e004657,compute,2048,2048,170090,83.0517578125,90
1,0,1,VMV_V_X_0x5e004657,compute,2048,2048,165680,80.8984375,90
1,0,3,VMV_V_X_0x5e004657,compute,2048,2048,165040,80.5859375,90
1,0,2,VMV_V_X_0x5e004657,compute,2048,2048,163660,79.912109375,90
1,0,4,VMV_V_X_0x5e004657,compute,2048,2048,162510,79.3505859375,90
1,0,7,VMV_V_X_0x5e004657,compute,2048,2048,160110,78.1787109375,90
1,0,5,VMV_V_X_0x5e004657,compute,2048,2048,157170,76.7431640625,90
1,0,6,VMV_V_X_0x5e004657,compute,2048,2048,154800,75.5859375,100
1,0,7,VBNE,control,2050,2050,112740,54.99512195121951,110
1,0,0,VBNE,control,2050,2050,112700,54.97560975609756,110
1,0,6,VBNE,control,2050,2050,112690,54.97073170731707,110
1,0,4,VBNE,control,2050,2050,112690,54.97073170731707,110
1,0,5,VBNE,control,2050,2050,112690,54.97073170731707,110
1,0,1,VBNE,control,2050,2050,112680,54.96585365853659,110
1,0,2,VBNE,control,2050,2050,112680,54.96585365853659,110
1,0,3,VBNE,control,2050,2050,112680,54.96585365853659,110
1,0,1,VADD_VX_0x02304757,compute,32768,32768,106160,3.23974609375,10
1,0,0,VADD_VX_0x02304757,compute,32768,32768,103060,3.1451416015625,10
1,0,7,VADD_VX_0x02304757,compute,32768,32768,98010,2.99102783203125,90
1,0,6,VADD_VX_0x02304757,compute,32768,32768,94850,2.89459228515625,10
1,0,2,VADD_VV_0x02a40557,compute,1024,1024,92020,89.86328125,90
1,0,3,VADD_VV_0x02a40557,compute,1024,1024,91960,89.8046875,90
1,0,5,VADD_VV_0x02a40557,compute,1024,1024,91090,88.955078125,90
1,0,4,VADD_VV_0x02a40557,compute,1024,1024,91020,88.88671875,90
1,0,6,VADD_VV_0x02a40557,compute,1024,1024,89130,87.041015625,90
1,0,1,VADD_VV_0x02a40557,compute,1024,1024,88040,85.9765625,90
1,0,7,VADD_VV_0x02a40557,compute,1024,1024,87310,85.263671875,90
1,0,0,VADD_VV_0x02a40557,compute,1024,1024,86230,84.208984375,90
1,0,4,VADD_VX_0x02304757,compute,32768,32768,84630,2.58270263671875,10
1,0,2,VSLL_VI_0x96a13557,mem,1024,1024,81920,80.0,80
1,0,7,VSLL_VI_0x96a13557,mem,1024,1024,81920,80.0,80
1,0,6,VSLL_VI_0x96a13557,mem,1024,1024,81920,80.0,80
1,0,3,VSLL_VI_0x96a13557,mem,1024,1024,81920,80.0,80
1,0,0,VSLL_VI_0x96a13557,mem,1024,1024,81920,80.0,80
1,0,5,VSLL_VI_0x96a13557,mem,1024,1024,81920,80.0,80
1,0,4,VSLL_VI_0x96a13557,mem,1024,1024,81920,80.0,80
1,0,1,VSLL_VI_0x96a13557,mem,1024,1024,81920,80.0,80
1,0,5,VADD_VX_0x02304757,compute,32768,32768,80860,2.4676513671875,10
1,0,5,VADD12_VI_0x0104848b,compute,1024,1024,68590,66.982421875,100
1,0,4,VADD12_VI_0x0104848b,compute,1024,1024,62990,61.513671875,100
1,0,3,VADD12_VI_0x0104848b,compute,1024,1024,59480,58.0859375,100
1,0,6,VADD12_VI_0x0104848b,compute,1024,1024,59180,57.79296875,100
1,0,7,VADD12_VI_0x0104848b,compute,1024,1024,56530,55.205078125,100
1,0,2,VADD12_VI_0x0104848b,compute,1024,1024,54560,53.28125,100
1,0,0,VADD_VX_0x02a5c557,compute,1024,1024,54340,53.06640625,60
1,0,2,VADD_VX_0x02a5c557,compute,1024,1024,53780,52.51953125,60
1,0,3,VADD_VX_0x02a5c557,compute,1024,1024,53670,52.412109375,60
1,0,4,VADD_VX_0x02a5c557,compute,1024,1024,53490,52.236328125,60
1,0,1,VADD_VX_0x02a5c557,compute,1024,1024,52430,51.201171875,60
1,0,7,VADD_VX_0x02a5c557,compute,1024,1024,51090,49.892578125,60
1,0,5,VADD_VX_0x02a5c557,compute,1024,1024,51030,49.833984375,60
1,0,0,VADD12_VI_0x0104848b,compute,1024,1024,50610,49.423828125,100
1,0,6,VADD_VX_0x02a5c557,compute,1024,1024,50010,48.837890625,60
1,0,1,VADD12_VI_0x0104848b,compute,1024,1024,48860,47.71484375,100
1,0,2,VADD_VX_0x02304757,compute,32768,32768,44880,1.36962890625,10
1,0,3,VADD_VX_0x02304757,compute,32768,32768,42920,1.309814453125,130
1,0,4,BGE,control,1057,1057,42770,40.4635761589404,60
1,0,5,BGE,control,1057,1057,42610,40.31220435193945,60
1,0,3,BGE,control,1057,1057,42510,40.21759697256386,60
1,0,7,BGE,control,1057,1057,42420,40.13245033112583,50
1,0,2,BGE,control,1057,1057,42390,40.10406811731315,60
1,0,1,BGE,control,1057,1057,42390,40.10406811731315,60
1,0,6,BGE,control,1057,1057,42350,40.06622516556291,50
1,0,0,BGE,control,1057,1057,42310,40.02838221381268,50
1,0,1,VMV_V_X_0x5e02c5d7,compute,2048,2048,41300,20.166015625,40
1,0,5,VMV_V_X_0x5e02c5d7,compute,2048,2048,41250,20.1416015625,40
1,0,4,VMV_V_X_0x5e02c5d7,compute,2048,2048,41230,20.1318359375,40
1,0,3,VMV_V_X_0x5e02c5d7,compute,2048,2048,41150,20.0927734375,40
1,0,7,VMV_V_X_0x5e02c5d7,compute,2048,2048,41140,20.087890625,40
1,0,0,VMV_V_X_0x5e02c5d7,compute,2048,2048,41120,20.078125,60
1,0,2,VMV_V_X_0x5e02c5d7,compute,2048,2048,41080,20.05859375,40
1,0,6,VMV_V_X_0x5e02c5d7,compute,2048,2048,41060,20.048828125,40
1,0,6,VAND_VV_0x26d706d7,other,1024,1024,36990,36.123046875,50
1,0,3,VSW12_V_0x00b5607b,mem,1024,1024,35010,34.189453125,40
1,0,1,VSW12_V_0x00b5607b,mem,1024,1024,34740,33.92578125,40
1,0,2,VSW12_V_0x00b5607b,mem,1024,1024,34220,33.41796875,40
1,0,0,VSW12_V_0x00b5607b,mem,1024,1024,33620,32.83203125,40
1,0,4,VSW12_V_0x00b5607b,mem,1024,1024,31750,31.005859375,40
1,0,7,VAND_VV_0x26d706d7,other,1024,1024,31570,30.830078125,50
1,0,5,VAND_VV_0x26d706d7,other,1024,1024,30710,29.990234375,50
1,0,5,VSW12_V_0x00b5607b,mem,1024,1024,30560,29.84375,40
1,0,7,VSW12_V_0x00b5607b,mem,1024,1024,28710,28.037109375,40
1,0,6,VSW12_V_0x00b5607b,mem,1024,1024,27390,26.748046875,40
1,0,4,VAND_VV_0x26d706d7,other,1024,1024,23500,22.94921875,50
1,0,0,VAND_VV_0x26d706d7,other,1024,1024,16730,16.337890625,50
1,0,4,VMV_V_X_0x5e04c557,compute,1024,1024,16170,15.791015625,20
1,0,1,VAND_VV_0x26d706d7,other,1024,1024,15160,14.8046875,50
1,0,3,VMV_V_X_0x5e04c557,compute,1024,1024,15090,14.736328125,20
1,0,2,VAND_VV_0x26d706d7,other,1024,1024,14940,14.58984375,50
1,0,3,VAND_VV_0x26d706d7,other,1024,1024,14720,14.375,50
1,0,5,VMV_V_X_0x5e04c557,compute,1024,1024,14360,14.0234375,20
1,0,2,VMV_V_X_0x5e04c557,compute,1024,1024,13270,12.958984375,20
1,0,0,VMV_V_X_0x5e04c557,compute,1024,1024,11380,11.11328125,20
1,0,1,VMV_V_X_0x5e04c557,compute,1024,1024,11310,11.044921875,20
1,0,7,VMV_V_X_0x5e04c557,compute,1024,1024,10440,10.1953125,20
1,0,6,VMV_V_X_0x5e04c557,compute,1024,1024,10380,10.13671875,20
1,0,5,CSRRS,other,18,18,9650,536.1111111111111,7900
1,0,1,VADD_VX_0x02234057,compute,2,2,7710,3855.0,7710
1,0,4,VADD_VX_0x02234057,compute,2,2,7670,3835.0,7630
1,0,3,VLW_V_0x7fc028ab,mem,5,5,7640,1528.0,7520
1,0,0,VADD_VX_0x02234057,compute,2,2,7580,3790.0,7450
1,0,7,CSRRS,other,18,18,5430,301.6666666666667,3280
1,0,1,VMV_V_X_0x5e024057,compute,36,36,4850,134.72222222222223,2650
1,0,2,VMV_V_X_0x5e024057,compute,36,36,4740,131.66666666666666,2680
1,0,0,CSRRS,other,18,18,3630,201.66666666666666,3090
1,0,7,SW,mem,13,13,3600,276.9230769230769,2190
1,0,1,SW,mem,13,13,3290,253.07692307692307,1770
1,0,5,SW,mem,13,13,3090,237.69230769230768,2020
1,0,0,SW,mem,13,13,2930,225.3846153846154,2020
1,0,7,VMV_V_X_0x5e024057,compute,36,36,2590,71.94444444444444,100
1,0,2,SW,mem,13,13,2500,192.30769230769232,1770
1,0,4,VMV_V_X_0x5e024057,compute,36,36,2490,69.16666666666667,100
1,0,3,SW,mem,13,13,2480,190.76923076923077,1930
1,0,5,VMV_V_X_0x5e024057,compute,36,36,2440,67.77777777777777,100
1,0,0,VMV_V_X_0x5e024057,compute,36,36,2380,66.11111111111111,100
1,0,6,SW,mem,13,13,2330,179.23076923076923,1770
1,0,6,VMV_V_X_0x5e024057,compute,36,36,2260,62.77777777777778,100
1,0,4,SW,mem,13,13,2220,170.76923076923077,1620
1,0,3,VMV_V_X_0x5e024057,compute,36,36,2140,59.44444444444444,80
1,0,5,VADD12_VI_0x0102828b,compute,32,32,1990,62.1875,80
1,0,7,VADD12_VI_0x0102828b,compute,32,32,1840,57.5,80
1,0,7,VADD_VX_0x02234057,compute,2,2,1810,905.0,1420
1,0,5,VADD_VX_0x02234057,compute,2,2,1780,890.0,1780
1,0,3,VADD12_VI_0x0102828b,compute,32,32,1720,53.75,80
1,0,6,VADD12_VI_0x0102828b,compute,32,32,1640,51.25,80
1,0,4,VADD12_VI_0x0102828b,compute,32,32,1630,50.9375,80
1,0,4,CSRRS,other,18,18,1620,90.0,1080
1,0,0,VADD12_VI_0x0102828b,compute,32,32,1610,50.3125,70
1,0,1,VADD12_VI_0x0102828b,compute,32,32,1570,49.0625,70
1,0,2,VADD12_VI_0x0102828b,compute,32,32,1440,45.0,80
1,0,5,VMUL_VX_0x9664e457,compute,32,32,1410,44.0625,50
1,0,3,VMUL_VX_0x9664e457,compute,32,32,1400,43.75,50
1,0,7,VMUL_VX_0x9663e3d7,compute,32,32,1360,42.5,50
1,0,0,VLW_V_0x7fc028ab,mem,5,5,1340,268.0,1130
1,0,4,VMUL_VX_0x9664e457,compute,32,32,1330,41.5625,50
1,0,2,VMV_V_X_0x5e0044d7,compute,32,32,1320,41.25,50
1,0,1,VMUL_VX_0x9663e3d7,compute,32,32,1320,41.25,50
1,0,6,VMV_V_X_0x5e0044d7,compute,32,32,1320,41.25,60
1,0,0,VMUL_VX_0x9663e3d7,compute,32,32,1320,41.25,50
1,0,2,VMUL_VX_0x9664e457,compute,32,32,1290,40.3125,50
1,0,6,VMUL_VX_0x9663e3d7,compute,32,32,1290,40.3125,50
1,0,2,VMUL_VX_0x9663e3d7,compute,32,32,1250,39.0625,40
1,0,0,VMUL_VX_0x9664e457,compute,32,32,1240,38.75,50
1,0,1,VMUL_VX_0x9664e457,compute,32,32,1210,37.8125,50
1,0,7,VMUL_VX_0x9664e457,compute,32,32,1200,37.5,50
1,0,3,VMUL_VX_0x9663e3d7,compute,32,32,1190,37.1875,40
1,0,5,VMUL_VX_0x9663e3d7,compute,32,32,1140,35.625,50
1,0,4,VADD_VX_0x020040d7,compute,2,2,1120,560.0,1110
1,0,6,VMUL_VX_0x9664e457,compute,32,32,1110,34.6875,50
1,0,6,VADD_VX_0x02234057,compute,2,2,1070,535.0,1060
1,0,3,REGEXT,other,62,62,1060,17.096774193548388,40
1,0,4,VMUL_VX_0x9663e3d7,compute,32,32,1050,32.8125,50
1,0,6,VLW_V_0x7fc028ab,mem,5,5,1000,200.0,740
1,0,1,VMV_V_X_0x5e0044d7,compute,32,32,950,29.6875,50
1,0,5,REGEXT,other,68,68,940,13.823529411764707,40
1,0,4,REGEXT,other,70,70,910,13.0,40
1,0,3,VMV_V_X_0x5e0044d7,compute,32,32,890,27.8125,50
1,0,7,REGEXT,other,57,57,770,13.508771929824562,40
1,0,1,REGEXT,other,50,50,770,15.4,40
1,0,3,CSRRS,other,18,18,760,42.22222222222222,170
1,0,7,VMV_V_X_0x5e0044d7,compute,32,32,740,23.125,60
1,0,2,REGEXT,other,49,49,720,14.693877551020408,40
1,0,3,VADD_VX_0x02234057,compute,2,2,710,355.0,710
1,0,6,CSRRS,other,18,18,680,37.77777777777778,130
1,0,6,REGEXT,other,50,50,630,12.6,40
1,0,0,REGEXT,other,46,46,610,13.26086956521739,40
1,0,1,CSRRS,other,18,18,610,33.888888888888886,100
1,0,2,CSRRS,other,18,18,600,33.333333333333336,100
1,0,5,VMV_V_X_0x5e0044d7,compute,32,32,560,17.5,60
1,0,7,VMV_V_X_0x5e054357,compute,32,32,560,17.5,30
1,0,4,VMV_V_X_0x5e054357,compute,32,32,530,16.5625,30
1,0,5,VMV_V_X_0x5e054357,compute,32,32,490,15.3125,30
1,0,4,VLW_V_0x7fc028ab,mem,5,5,460,92.0,190
1,0,6,VMV_V_X_0x5e054357,compute,32,32,440,13.75,30
1,0,1,VREMU_VX_0x8a0e6057,other,1,1,440,440.0,440
1,0,0,VMV_V_X_0x5e054357,compute,32,32,400,12.5,30
1,0,1,VMV_V_X_0x5e054357,compute,32,32,400,12.5,30
1,0,0,VMV_V_X_0x5e0044d7,compute,32,32,370,11.5625,50
1,0,3,VMV_V_X_0x5e054357,compute,32,32,360,11.25,20
1,0,4,VMV_V_X_0x5e0044d7,compute,32,32,350,10.9375,60
1,0,2,VMV_V_X_0x5e054357,compute,32,32,340,10.625,20
1,0,4,VREMU_VX_0x8a0e6057,other,1,1,330,330.0,330
1,0,2,VADD_VV_0x02500357,compute,32,32,320,10.0,10
1,0,6,VADD_VV_0x02500357,compute,32,32,320,10.0,10
1,0,3,VADD_VV_0x02500357,compute,32,32,320,10.0,10
1,0,4,VADD_VV_0x02500357,compute,32,32,320,10.0,10
1,0,5,VADD_VV_0x02500357,compute,32,32,320,10.0,10
1,0,7,VADD_VV_0x02500357,compute,32,32,320,10.0,10
1,0,1,VADD_VV_0x02500357,compute,32,32,310,9.6875,10
1,0,0,VADD_VV_0x02500357,compute,32,32,310,9.6875,10
1,0,0,MUL,addr,3,3,300,100.0,110
1,0,7,MUL,addr,3,3,290,96.66666666666667,110
1,0,3,MUL,addr,3,3,280,93.33333333333333,110
1,0,4,JALR,control,12,12,270,22.5,60
1,0,5,JALR,control,12,12,260,21.666666666666668,50
1,0,4,MUL,addr,3,3,260,86.66666666666667,110
1,0,6,MUL,addr,3,3,250,83.33333333333333,120
1,0,2,VREMU_VX_0x8a0e6057,other,1,1,240,240.0,240
1,0,1,VLW_V_0x7fc028ab,mem,5,5,230,46.0,90
1,0,2,VLW_V_0x7fc028ab,mem,5,5,220,44.0,80
1,0,3,JALR,control,12,12,210,17.5,50
1,0,0,JALR,control,12,12,210,17.5,50
1,0,5,MUL,addr,3,3,210,70.0,80
1,0,2,JALR,control,12,12,200,16.666666666666668,50
1,0,2,MUL,addr,3,3,200,66.66666666666667,80
1,0,1,MUL,addr,3,3,200,66.66666666666667,80
1,0,1,VID_V_0x5208a157,other,2,2,200,100.0,110
1,0,4,VID_V_0x5208a157,other,2,2,190,95.0,100
1,0,7,JALR,control,12,12,180,15.0,60
1,0,2,VID_V_0x5208a157,other,2,2,180,90.0,90
1,0,6,VID_V_0x5208a157,other,2,2,180,90.0,90
1,0,3,VID_V_0x5208a157,other,2,2,180,90.0,90
1,0,0,VID_V_0x5208a157,other,2,2,180,90.0,90
1,0,5,VID_V_0x5208a157,other,2,2,180,90.0,90
1,0,7,VID_V_0x5208a157,other,2,2,180,90.0,90
1,0,6,JALR,control,12,12,170,14.166666666666666,50
1,0,7,VLW_V_0x7fc028ab,mem,5,5,170,34.0,50
1,0,6,VMV_V_X_0x5e02c057,compute,5,5,170,34.0,70
1,0,1,VSLL_VI_0x960230d7,mem,1,1,170,170.0,170
1,0,3,VMV_V_X_0x5e02c057,compute,5,5,160,32.0,40
1,0,4,VMV_V_X_0x5e02c057,compute,5,5,160,32.0,70
1,0,5,VMV_V_X_0x5e02c057,compute,5,5,150,30.0,70
1,0,5,VLW_V_0x7fc028ab,mem,5,5,140,28.0,60
1,0,6,ADD,addr,2,2,140,70.0,100
1,0,5,ADD,addr,2,2,140,70.0,100
1,0,2,VMV_V_X_0x5e02c057,compute,5,5,130,26.0,40
1,0,7,VMV_V_X_0x5e02c057,compute,5,5,130,26.0,40
1,0,1,VSW_V_0xfe002e2b,mem,3,3,130,43.333333333333336,60
1,0,2,VSW_V_0xfe002e2b,mem,3,3,130,43.333333333333336,60
1,0,6,VSW_V_0xfe002e2b,mem,3,3,130,43.333333333333336,60
1,0,3,VSW_V_0xfe002e2b,mem,3,3,130,43.333333333333336,60
1,0,4,VSW_V_0xfe002e2b,mem,3,3,130,43.333333333333336,60
1,0,5,VSW_V_0xfe002e2b,mem,3,3,130,43.333333333333336,60
1,0,0,VSW_V_0xfe002e2b,mem,3,3,130,43.333333333333336,60
1,0,7,VSW_V_0xfe002e2b,mem,3,3,130,43.333333333333336,60
1,0,0,VSLL_VI_0x960230d7,mem,1,1,130,130.0,130
1,0,7,ADD,addr,2,2,120,60.0,80
1,0,0,ADD,addr,2,2,120,60.0,80
1,0,0,RECEIVE,other,1,1,120,120.0,120
1,0,7,RECEIVE,other,1,1,120,120.0,120
1,0,0,VMV_V_X_0x5e02c057,compute,5,5,110,22.0,30
1,0,3,VMV_V_X_0x5e004057,compute,2,2,110,55.0,80
1,0,5,VSLL_VI_0x960230d7,mem,1,1,110,110.0,110
1,0,7,VSLL_VI_0x960230d7,mem,1,1,110,110.0,110
1,0,6,VMV_V_X_0x5e004057,compute,2,2,100,50.0,70
1,0,5,VMV_V_X_0x5e004057,compute,2,2,100,50.0,70
1,0,3,RECEIVE,other,1,1,100,100.0,100
1,0,4,RECEIVE,other,1,1,100,100.0,100
1,0,1,VSLL_VI_0x960332d7,mem,1,1,100,100.0,100
1,0,4,VSLL_VI_0x960230d7,mem,1,1,100,100.0,100
1,0,2,VREMU_VX_0x8a0f6057,other,1,1,90,90.0,90
1,0,1,VREMU_VX_0x8a0f6057,other,1,1,90,90.0,90
1,0,6,VREMU_VX_0x8a0f6057,other,1,1,90,90.0,90
1,0,2,VSLL_VI_0x960230d7,mem,1,1,90,90.0,90
1,0,2,VSLL_VI_0x971132d7,mem,1,1,90,90.0,90
1,0,3,VREMU_VX_0x8a0f6057,other,1,1,90,90.0,90
1,0,6,VSLL_VI_0x960230d7,mem,1,1,90,90.0,90
1,0,4,VREMU_VX_0x8a0f6057,other,1,1,90,90.0,90
1,0,3,VSLL_VI_0x960230d7,mem,1,1,90,90.0,90
1,0,0,VREMU_VX_0x8a0f6057,other,1,1,90,90.0,90
1,0,5,VREMU_VX_0x8a0f6057,other,1,1,90,90.0,90
1,0,7,VREMU_VX_0x8a0f6057,other,1,1,90,90.0,90
1,0,1,JALR,control,12,12,80,6.666666666666667,10
1,0,3,ADD,addr,2,2,80,40.0,40
1,0,4,ADD,addr,2,2,80,40.0,40
1,0,1,VMV_V_X_0x5e004057,compute,2,2,80,40.0,70
1,0,2,VMV_V_X_0x5e004057,compute,2,2,80,40.0,70
1,0,7,VMV_V_X_0x5e004057,compute,2,2,80,40.0,70
1,0,5,RECEIVE,other,1,1,80,80.0,80
1,0,6,RECEIVE,other,1,1,80,80.0,80
1,0,2,VADD_VV_0x021880d7,compute,1,1,80,80.0,80
1,0,1,VADD_VV_0x021880d7,compute,1,1,80,80.0,80
1,0,2,VSLL_VI_0x960332d7,mem,1,1,80,80.0,80
1,0,1,VSLL_VI_0x971132d7,mem,1,1,80,80.0,80
1,0,7,VREMU_VX_0x8a0e6057,other,1,1,80,80.0,80
1,0,6,VADD_VV_0x021880d7,compute,1,1,80,80.0,80
1,0,6,VSLL_VI_0x971132d7,mem,1,1,80,80.0,80
1,0,6,VSLL_VI_0x960332d7,mem,1,1,80,80.0,80
1,0,3,VADD_VV_0x021880d7,compute,1,1,80,80.0,80
1,0,3,VSLL_VI_0x971132d7,mem,1,1,80,80.0,80
1,0,3,VSLL_VI_0x960332d7,mem,1,1,80,80.0,80
1,0,4,VADD_VV_0x021880d7,compute,1,1,80,80.0,80
1,0,4,VSLL_VI_0x971132d7,mem,1,1,80,80.0,80
1,0,4,VSLL_VI_0x960332d7,mem,1,1,80,80.0,80
1,0,0,VADD_VV_0x021880d7,compute,1,1,80,80.0,80
1,0,0,VSLL_VI_0x971132d7,mem,1,1,80,80.0,80
1,0,0,VSLL_VI_0x960332d7,mem,1,1,80,80.0,80
1,0,5,VADD_VV_0x021880d7,compute,1,1,80,80.0,80
1,0,5,VSLL_VI_0x971132d7,mem,1,1,80,80.0,80
1,0,5,VSLL_VI_0x960332d7,mem,1,1,80,80.0,80
1,0,7,VADD_VV_0x021880d7,compute,1,1,80,80.0,80
1,0,7,VSLL_VI_0x971132d7,mem,1,1,80,80.0,80
1,0,7,VSLL_VI_0x960332d7,mem,1,1,80,80.0,80
1,0,1,VMV_V_X_0x5e02c057,compute,5,5,60,12.0,30
1,0,2,ADD,addr,2,2,60,30.0,40
1,0,1,ADD,addr,2,2,60,30.0,40
1,0,2,VADD_VX_0x02234057,compute,2,2,60,30.0,60
1,0,1,RECEIVE,other,1,1,60,60.0,60
1,0,2,RECEIVE,other,1,1,60,60.0,60
1,0,2,VSETVLI,mem,1,1,60,60.0,60
1,0,1,VSETVLI,mem,1,1,60,60.0,60
1,0,4,VDIVU_VX_0x820e6057,other,1,1,60,60.0,60
1,0,3,VADD_VX_0x0222c0d7,compute,1,1,60,60.0,60
1,0,1,VADD_VX_0x020040d7,compute,2,2,50,25.0,30
1,0,2,VADD_VX_0x020040d7,compute,2,2,50,25.0,40
1,0,6,VMV_V_X_0x5e004157,compute,1,1,50,50.0,50
1,0,6,VREMU_VX_0x8a0e6057,other,1,1,50,50.0,50
1,0,2,VSLL_VI_0x96113157,mem,1,1,50,50.0,50
1,0,2,VADD_VX_0x0222c157,compute,1,1,50,50.0,50
1,0,5,VSLL_VI_0x96113157,mem,1,1,50,50.0,50
1,0,6,VADD_VX_0x020040d7,compute,2,2,40,20.0,20
1,0,3,VADD_VX_0x020040d7,compute,2,2,40,20.0,20
1,0,5,VADD_VX_0x020040d7,compute,2,2,40,20.0,20
1,0,7,VADD_VX_0x020040d7,compute,2,2,40,20.0,20
1,0,6,VSETVLI,mem,1,1,40,40.0,40
1,0,5,VSETVLI,mem,1,1,40,40.0,40
1,0,3,VSETVLI,mem,1,1,40,40.0,40
1,0,4,VSETVLI,mem,1,1,40,40.0,40
1,0,7,VSETVLI,mem,1,1,40,40.0,40
1,0,0,VSETVLI,mem,1,1,40,40.0,40
1,0,1,VMV_V_X_0x5e004157,compute,1,1,40,40.0,40
1,0,2,VMV_V_X_0x5e004157,compute,1,1,40,40.0,40
1,0,3,VMV_V_X_0x5e004157,compute,1,1,40,40.0,40
1,0,4,VMV_V_X_0x5e004157,compute,1,1,40,40.0,40
1,0,5,VMV_V_X_0x5e004157,compute,1,1,40,40.0,40
1,0,7,VMV_V_X_0x5e004157,compute,1,1,40,40.0,40
1,0,2,VDIVU_VX_0x820e6057,other,1,1,40,40.0,40
1,0,1,VDIVU_VX_0x820e6057,other,1,1,40,40.0,40
1,0,6,VDIVU_VX_0x820e6057,other,1,1,40,40.0,40
1,0,2,VADD_VX_0x0222c0d7,compute,1,1,40,40.0,40
1,0,2,VADD_VV_0x023281d7,compute,1,1,40,40.0,40
1,0,1,VADD_VX_0x0222c0d7,compute,1,1,40,40.0,40
1,0,2,VADD_VV_0x02428257,compute,1,1,40,40.0,40
1,0,1,VADD_VX_0x0222c157,compute,1,1,40,40.0,40
1,0,1,VMV_V_X_0x5e02c1d7,compute,1,1,40,40.0,40
1,0,1,VADD_VV_0x023281d7,compute,1,1,40,40.0,40
1,0,1,VADD_VV_0x02428257,compute,1,1,40,40.0,40
1,0,3,VDIVU_VX_0x820e6057,other,1,1,40,40.0,40
1,0,6,VADD_VX_0x0222c0d7,compute,1,1,40,40.0,40
1,0,6,VADD_VX_0x0222c157,compute,1,1,40,40.0,40
1,0,6,VMV_V_X_0x5e02c1d7,compute,1,1,40,40.0,40
1,0,6,VADD_VV_0x023281d7,compute,1,1,40,40.0,40
1,0,6,VADD_VV_0x02428257,compute,1,1,40,40.0,40
1,0,3,VADD_VX_0x0222c157,compute,1,1,40,40.0,40
1,0,3,VMV_V_X_0x5e02c1d7,compute,1,1,40,40.0,40
1,0,3,VADD_VV_0x023281d7,compute,1,1,40,40.0,40
1,0,0,VDIVU_VX_0x820e6057,other,1,1,40,40.0,40
1,0,3,VADD_VV_0x02428257,compute,1,1,40,40.0,40
1,0,4,VADD_VX_0x0222c157,compute,1,1,40,40.0,40
1,0,4,VMV_V_X_0x5e02c1d7,compute,1,1,40,40.0,40
1,0,4,VADD_VV_0x023281d7,compute,1,1,40,40.0,40
1,0,4,VADD_VV_0x02428257,compute,1,1,40,40.0,40
1,0,0,VADD_VX_0x0222c157,compute,1,1,40,40.0,40
1,0,0,VADD_VV_0x023281d7,compute,1,1,40,40.0,40
1,0,0,VADD_VV_0x02428257,compute,1,1,40,40.0,40
1,0,7,VDIVU_VX_0x820e6057,other,1,1,40,40.0,40
1,0,5,VADD_VX_0x0222c0d7,compute,1,1,40,40.0,40
1,0,5,VADD_VV_0x023281d7,compute,1,1,40,40.0,40
1,0,5,VADD_VV_0x02428257,compute,1,1,40,40.0,40
1,0,7,VADD_VX_0x0222c0d7,compute,1,1,40,40.0,40
1,0,7,VADD_VX_0x0222c157,compute,1,1,40,40.0,40
1,0,7,VMV_V_X_0x5e02c1d7,compute,1,1,40,40.0,40
1,0,7,VADD_VV_0x023281d7,compute,1,1,40,40.0,40
1,0,7,VADD_VV_0x02428257,compute,1,1,40,40.0,40
1,0,0,VMV_V_X_0x5e004057,compute,2,2,30,15.0,30
1,0,2,VMV_V_X_0x5e0ec0d7,compute,1,1,30,30.0,30
1,0,0,VREMU_VX_0x8a0e6057,other,1,1,30,30.0,30
1,0,1,VMV_V_X_0x5e0ec0d7,compute,1,1,30,30.0,30
1,0,2,VMV_V_X_0x5e02c1d7,compute,1,1,30,30.0,30
1,0,1,VSLL_VI_0x96113157,mem,1,1,30,30.0,30
1,0,0,VMV_V_X_0x5e0ec0d7,compute,1,1,30,30.0,30
1,0,5,VMV_V_X_0x5e0ec0d7,compute,1,1,30,30.0,30
1,0,7,VMV_V_X_0x5e0ec0d7,compute,1,1,30,30.0,30
1,0,5,VADD_VX_0x0222c157,compute,1,1,30,30.0,30
1,0,0,VADD_VX_0x020040d7,compute,2,2,20,10.0,10
1,0,0,VMV_V_X_0x5e004157,compute,1,1,20,20.0,20
1,0,2,VMV_V_X_0x5e02c257,compute,1,1,20,20.0,20
1,0,1,VMV_V_X_0x5e02c257,compute,1,1,20,20.0,20
1,0,3,VMV_V_X_0x5e0ec0d7,compute,1,1,20,20.0,20
1,0,6,VSLL_VI_0x96113157,mem,1,1,20,20.0,20
1,0,6,VMV_V_X_0x5e02c257,compute,1,1,20,20.0,20
1,0,3,VSLL_VI_0x96113157,mem,1,1,20,20.0,20
1,0,3,VMV_V_X_0x5e02c257,compute,1,1,20,20.0,20
1,0,4,VSLL_VI_0x96113157,mem,1,1,20,20.0,20
1,0,4,VADD_VX_0x0222c0d7,compute,1,1,20,20.0,20
1,0,4,VMV_V_X_0x5e02c257,compute,1,1,20,20.0,20
1,0,5,VDIVU_VX_0x820e6057,other,1,1,20,20.0,20
1,0,0,VSLL_VI_0x96113157,mem,1,1,20,20.0,20
1,0,0,VADD_VX_0x0222c0d7,compute,1,1,20,20.0,20
1,0,0,VMV_V_X_0x5e02c257,compute,1,1,20,20.0,20
1,0,0,VMV_V_X_0x5e02c1d7,compute,1,1,20,20.0,20
1,0,5,VMV_V_X_0x5e02c257,compute,1,1,20,20.0,20
1,0,5,VMV_V_X_0x5e02c1d7,compute,1,1,20,20.0,20
1,0,7,VSLL_VI_0x96113157,mem,1,1,20,20.0,20
1,0,7,VMV_V_X_0x5e02c257,compute,1,1,20,20.0,20
1,0,2,CSRRW,other,2,2,10,5.0,10
1,0,1,CSRRW,other,2,2,10,5.0,10
1,0,6,CSRRW,other,2,2,10,5.0,10
1,0,3,CSRRW,other,2,2,10,5.0,10
1,0,4,CSRRW,other,2,2,10,5.0,10
1,0,5,CSRRW,other,2,2,10,5.0,10
1,0,0,CSRRW,other,2,2,10,5.0,10
1,0,7,CSRRW,other,2,2,10,5.0,10
1,0,4,VMV_V_X_0x5e004057,compute,2,2,10,5.0,10
1,0,1,BEQ,control,1,1,10,10.0,10
1,0,2,BEQ,control,1,1,10,10.0,10
1,0,3,BEQ,control,1,1,10,10.0,10
1,0,4,BEQ,control,1,1,10,10.0,10
1,0,5,BEQ,control,1,1,10,10.0,10
1,0,6,BEQ,control,1,1,10,10.0,10
1,0,7,BEQ,control,1,1,10,10.0,10
1,0,0,BEQ,control,1,1,10,10.0,10
1,0,6,VMV_V_X_0x5e0ec0d7,compute,1,1,10,10.0,10
1,0,2,VMV_V_X_0x5e0042d7,compute,1,1,10,10.0,10
1,0,1,VMV_V_X_0x5e0042d7,compute,1,1,10,10.0,10
1,0,6,VMV_V_X_0x5e0042d7,compute,1,1,10,10.0,10
1,0,4,VMV_V_X_0x5e0ec0d7,compute,1,1,10,10.0,10
1,0,3,VMV_V_X_0x5e0042d7,compute,1,1,10,10.0,10
1,0,4,VMV_V_X_0x5e0042d7,compute,1,1,10,10.0,10
1,0,0,VMV_V_X_0x5e0042d7,compute,1,1,10,10.0,10
1,0,5,VMV_V_X_0x5e0042d7,compute,1,1,10,10.0,10
1,0,7,VMV_V_X_0x5e0042d7,compute,1,1,10,10.0,10
1,0,3,VREMU_VX_0x8a0e6057,other,1,1,0,0.0,0
1,0,5,VREMU_VX_0x8a0e6057,other,1,1,0,0.0,0
1,0,7,ENDPRG,other,1,0,0,0.0,0
1,0,3,ENDPRG,other,1,0,0,0.0,0
1,0,0,ENDPRG,other,1,0,0,0.0,0
1,0,5,ENDPRG,other,1,0,0,0.0,0
1,0,1,ENDPRG,other,1,0,0,0.0,0
1,0,4,ENDPRG,other,1,0,0,0.0,0
1,0,6,ENDPRG,other,1,0,0,0.0,0
1,0,2,ENDPRG,other,1,0,0,0.0,0
