pc,count,share,mnemonic,mnemonic_set,enc_set,class,sample_line
0x80000000,8,0.00000009,AUIPC,AUIPC,0x00004197,OTHER,"SM 1 warp 2 0x80000000             AUIPC_0x00004197 WB x[003]=0x80004000 @75ns,1 [trace regfile.cpp:87]"
0x80000004,8,0.00000009,ADDI,ADDI,0x80818193,OTHER,"SM 1 warp 2 0x80000004              ADDI_0x80818193 WB x[003]=0x80003808 @155ns,1 [trace regfile.cpp:87]"
0x80000008,8,0.00000009,ADDI,ADDI,0x02000e93,OTHER,"SM 1 warp 2 0x80000008              ADDI_0x02000e93 WB x[029]=0x00000020 @195ns,1 [trace regfile.cpp:87]"
0x8000000c,8,0.00000009,VSETVLI,VSETVLI,0x0d0efed7,OTHER,"SM 1 warp 3 0x8000000c           VSETVLI_0x0d0efed7 WB x[029]=0x00000020 @265ns,1 [trace regfile.cpp:87]"
0x80000010,8,0.00000009,LUI,LUI,0x00002eb7,OTHER,"SM 1 warp 3 0x80000010               LUI_0x00002eb7 WB x[029]=0x00002000 @325ns,1 [trace regfile.cpp:87]"
0x80000014,16,0.00000018,CSRRS,CSRRS,0x300eaef3,CSR,"SM 1 warp 2 0x80000014             CSRRS_0x300eaef3 CSR[0x300]=0x3800 @365ns,1 [trace exec_csr.cpp:93]"
0x80000018,8,0.00000009,ADDI,ADDI,0x00000e93,OTHER,"SM 1 warp 3 0x80000018              ADDI_0x00000e93 WB x[029]=0x00000000 @445ns,1 [trace regfile.cpp:87]"
0x8000001c,16,0.00000018,CSRRS,CSRRS,0x80502373,CSR,"SM 1 warp 2 0x8000001c             CSRRS_0x80502373 CSR[0x805]=0x1 @465ns,1 [trace exec_csr.cpp:93]"
0x80000020,16,0.00000018,CSRRS,CSRRS,0x806023f3,CSR,"SM 1 warp 2 0x80000020             CSRRS_0x806023f3 CSR[0x806]=0x70000000 @505ns,1 [trace exec_csr.cpp:93]"
0x80000024,8,0.00000009,ADDI,ADDI,0x40000e13,OTHER,"SM 1 warp 3 0x80000024              ADDI_0x40000e13 WB x[028]=0x00000400 @565ns,1 [trace regfile.cpp:87]"
0x80000028,8,0.00000009,MUL,MUL,0x03c30333,OTHER,"SM 1 warp 3 0x80000028               MUL_0x03c30333 WB x[006]=0x00000800 @665ns,1 [trace regfile.cpp:87]"
0x8000002c,8,0.00000009,ADD,ADD,0x00730133,OTHER,"SM 1 warp 3 0x8000002c               ADD_0x00730133 WB x[002]=0x70000800 @725ns,1 [trace regfile.cpp:87]"
0x80000030,8,0.00000009,ADDI,ADDI,0x00000213,OTHER,"SM 1 warp 3 0x80000030              ADDI_0x00000213 WB x[004]=0x00000000 @765ns,1 [trace regfile.cpp:87]"
0x80000034,16,0.00000018,CSRRS,CSRRS,0x80102f73,CSR,"SM 1 warp 2 0x80000034             CSRRS_0x80102f73 CSR[0x801]=0x8 @785ns,1 [trace exec_csr.cpp:93]"
0x80000038,8,0.00000009,ADDI,ADDI,0x40000e13,OTHER,"SM 1 warp 2 0x80000038              ADDI_0x40000e13 WB x[028]=0x00000400 @895ns,1 [trace regfile.cpp:87]"
0x8000003c,8,0.00000009,MUL,MUL,0x03cf0f33,OTHER,"SM 1 warp 2 0x8000003c               MUL_0x03cf0f33 WB x[030]=0x00002000 @975ns,1 [trace regfile.cpp:87]"
0x80000040,8,0.00000009,ADD,ADD,0x01e38433,OTHER,"SM 1 warp 2 0x80000040               ADD_0x01e38433 WB x[008]=0x70002000 @1035ns,1 [trace regfile.cpp:87]"
0x80000044,8,0.00000009,AUIPC,AUIPC,0x00003517,OTHER,"SM 1 warp 2 0x80000044             AUIPC_0x00003517 WB x[010]=0x80003044 @1055ns,1 [trace regfile.cpp:87]"
0x80000048,8,0.00000009,ADDI,ADDI,0xfc850513,OTHER,"SM 1 warp 2 0x80000048              ADDI_0xfc850513 WB x[010]=0x8000300c @1115ns,1 [trace regfile.cpp:87]"
0x8000004c,8,0.00000009,AUIPC,AUIPC,0x00003617,OTHER,"SM 1 warp 2 0x8000004c             AUIPC_0x00003617 WB x[012]=0x8000304c @1195ns,1 [trace regfile.cpp:87]"
0x80000050,8,0.00000009,ADDI,ADDI,0xfc060613,OTHER,"SM 1 warp 2 0x80000050              ADDI_0xfc060613 WB x[012]=0x8000300c @1275ns,1 [trace regfile.cpp:87]"
0x80000054,8,0.00000009,BEQ,BEQ,0x00c50863,BR,"SM 1 warp 2 0x80000054               BEQ_0x00c50863 mask=FFFFFFFF, JUMP=true, jumpTO 0x80000064 @1345ns,1 [trace exec_salu.cpp:339]"
0x80000064,16,0.00000018,CSRRS,CSRRS,0x803022f3,CSR,"SM 1 warp 2 0x80000064             CSRRS_0x803022f3 CSR[0x803]=0x90401000 @1415ns,1 [trace exec_csr.cpp:93]"
0x80000068,16,0.00000018,LW,LW,0x0002a303,LSU,"SM 1 warp 3 0x80000068                LW_0x0002a303 mask=FFFFFFFF MEMADDR 90401000 @1475ns,1 [trace exec_lsu.cpp:189]"
0x8000006c,16,0.00000018,LW,LW,0x0042a503,LSU,"SM 1 warp 3 0x8000006c                LW_0x0042a503 mask=FFFFFFFF MEMADDR 90401004 @1515ns,1 [trace exec_lsu.cpp:189]"
0x80000070,16,0.00000018,LW,LW,0x0302a383,LSU,"SM 1 warp 3 0x80000070                LW_0x0302a383 mask=FFFFFFFF MEMADDR 90401030 @1555ns,1 [trace exec_lsu.cpp:189]"
0x80000074,16,0.00000018,LW,LW,0x0342ae03,LSU,"SM 1 warp 3 0x80000074                LW_0x0342ae03 mask=FFFFFFFF MEMADDR 90401034 @2955ns,1 [trace exec_lsu.cpp:189]"
0x80000078,8,0.00000009,AUIPC,AUIPC,0x00003e97,OTHER,"SM 1 warp 3 0x80000078             AUIPC_0x00003e97 WB x[029]=0x80003078 @4395ns,1 [trace regfile.cpp:87]"
0x8000007c,8,0.00000009,ADDI,ADDI,0xf88e8e93,OTHER,"SM 1 warp 3 0x8000007c              ADDI_0xf88e8e93 WB x[029]=0x80003000 @4785ns,1 [trace regfile.cpp:87]"
0x80000080,8,0.00000009,AUIPC,AUIPC,0x00003f17,OTHER,"SM 1 warp 3 0x80000080             AUIPC_0x00003f17 WB x[030]=0x80003080 @4805ns,1 [trace regfile.cpp:87]"
0x80000084,8,0.00000009,ADDI,ADDI,0xf84f0f13,OTHER,"SM 1 warp 3 0x80000084              ADDI_0xf84f0f13 WB x[030]=0x80003004 @4865ns,1 [trace regfile.cpp:87]"
0x80000088,8,0.00000009,SW,SW,0x007ea023,LSU,"SM 1 warp 3 0x80000088                SW_0x007ea023 mask=FFFFFFFF ADDR 80003000, DATA 0 @8265ns,1 [trace exec_lsu.cpp:183]"
0x8000008c,8,0.00000009,SW,SW,0x01cf2023,LSU,"SM 1 warp 3 0x8000008c                SW_0x01cf2023 mask=FFFFFFFF ADDR 80003004, DATA 0 @10035ns,1 [trace exec_lsu.cpp:183]"
0x80000090,8,0.00000009,AUIPC,AUIPC,0x00000f97,OTHER,"SM 1 warp 3 0x80000090             AUIPC_0x00000f97 WB x[031]=0x80000090 @10075ns,1 [trace regfile.cpp:87]"
0x80000094,8,0.00000009,ADDI,ADDI,0x018f8f93,OTHER,"SM 1 warp 3 0x80000094              ADDI_0x018f8f93 WB x[031]=0x800000a8 @10135ns,1 [trace regfile.cpp:87]"
0x80000098,16,0.00000018,CSRRW,CSRRW,0x305f9073,CSR,"SM 1 warp 3 0x80000098             CSRRW_0x305f9073 CSR[0x305]=0x800000a8 @10175ns,1 [trace exec_csr.cpp:79]"
0x8000009c,16,0.00000018,JALR,JALR,0x000300e7,CTRL,"SM 1 warp 3 0x8000009c              JALR_0x000300e7 JUMP=true, jumpTO 0x800000b8 @10225ns,1 [trace exec_salu.cpp:121]"
0x800000a0,8,0.00000009,ENDPRG,ENDPRG,0x0000400b,OTHER,"SM 1 warp 0 0x800000a0            ENDPRG_0x0000400b endprg @866288495ns,1 [trace warp_scheduler.cpp:50]"
0x800000b8,8,0.00000009,ADDI,ADDI,0x01c10113,OTHER,"SM 1 warp 3 0x800000b8              ADDI_0x01c10113 WB x[002]=0x7000081c @10315ns,1 [trace regfile.cpp:87]"
0x800000bc,8,0.00000009,ADDI,ADDI,0x7f040413,OTHER,"SM 1 warp 3 0x800000bc              ADDI_0x7f040413 WB x[008]=0x700027f0 @10355ns,1 [trace regfile.cpp:87]"
0x800000c0,8,0.00000009,ADDI,ADDI,0x01040413,OTHER,"SM 1 warp 3 0x800000c0              ADDI_0x01040413 WB x[008]=0x70002800 @10415ns,1 [trace regfile.cpp:87]"
0x800000c4,8,0.00000009,ADDI,ADDI,0x00420213,OTHER,"SM 1 warp 3 0x800000c4              ADDI_0x00420213 WB x[004]=0x00000004 @10455ns,1 [trace regfile.cpp:87]"
0x800000c8,16,0.00000018,REGEXT,REGEXT,0x0010200b,OTHER,"SM 1 warp 3 0x800000c8            REGEXT_0x0010200b REGEXT(s3,s2,s1,d)=0,0,0,1 @10185ns,1 [trace decode.cpp:72]"
0x800000cc,16,0.00000018,VMV_V_X,VMV_V_X,0x5e024057,OTHER,"SM 1 warp 3 0x800000cc           VMV_V_X_0x5e024057 REGEXT(s3,s2,s1,d)=0,0,0,1 is used to set s3,s2,s1,d=32,0,4,32 @10295ns,1 [trace decode.cpp:157]"
0x800000d0,8,0.00000009,SW,SW,0xfe112223,LSU,"SM 1 warp 3 0x800000d0                SW_0xfe112223 mask=FFFFFFFF ADDR 70000800, DATA 800000a0 @13215ns,1 [trace exec_lsu.cpp:183]"
0x800000d4,16,0.00000018,LW,LW,0x01452283,LSU,"SM 1 warp 2 0x800000d4                LW_0x01452283 mask=FFFFFFFF MEMADDR 90300014 @13235ns,1 [trace exec_lsu.cpp:189]"
0x800000d8,8,0.00000009,SW,SW,0xfe512e23,LSU,"SM 1 warp 2 0x800000d8                SW_0xfe512e23 mask=FFFFFFFF ADDR 70000418, DATA 200 @14575ns,1 [trace exec_lsu.cpp:183]"
0x800000dc,16,0.00000018,LW,LW,0x01052283,LSU,"SM 1 warp 2 0x800000dc                LW_0x01052283 mask=FFFFFFFF MEMADDR 90300010 @14615ns,1 [trace exec_lsu.cpp:189]"
0x800000e0,8,0.00000009,SW,SW,0xfe512c23,LSU,"SM 1 warp 2 0x800000e0                SW_0xfe512c23 mask=FFFFFFFF ADDR 70000414, DATA 200 @16615ns,1 [trace exec_lsu.cpp:183]"
0x800000e4,16,0.00000018,LW,LW,0x00c52283,LSU,"SM 1 warp 2 0x800000e4                LW_0x00c52283 mask=FFFFFFFF MEMADDR 9030000c @16655ns,1 [trace exec_lsu.cpp:189]"
0x800000e8,8,0.00000009,SW,SW,0xfe512a23,LSU,"SM 1 warp 2 0x800000e8                SW_0xfe512a23 mask=FFFFFFFF ADDR 70000410, DATA 200 @20155ns,1 [trace exec_lsu.cpp:183]"
0x800000ec,16,0.00000018,LW,LW,0x00852283,LSU,"SM 1 warp 2 0x800000ec                LW_0x00852283 mask=FFFFFFFF MEMADDR 90300008 @20195ns,1 [trace exec_lsu.cpp:189]"
0x800000f0,8,0.00000009,SW,SW,0xfe512823,LSU,"SM 1 warp 2 0x800000f0                SW_0xfe512823 mask=FFFFFFFF ADDR 7000040c, DATA 90200000 @23695ns,1 [trace exec_lsu.cpp:183]"
0x800000f4,16,0.00000018,LW,LW,0x00452283,LSU,"SM 1 warp 2 0x800000f4                LW_0x00452283 mask=FFFFFFFF MEMADDR 90300004 @23735ns,1 [trace exec_lsu.cpp:189]"
0x800000f8,8,0.00000009,SW,SW,0xfe512623,LSU,"SM 1 warp 2 0x800000f8                SW_0xfe512623 mask=FFFFFFFF ADDR 70000408, DATA 90100000 @27235ns,1 [trace exec_lsu.cpp:183]"
0x800000fc,16,0.00000018,LW,LW,0x00052283,LSU,"SM 1 warp 2 0x800000fc                LW_0x00052283 mask=FFFFFFFF MEMADDR 90300000 @27275ns,1 [trace exec_lsu.cpp:189]"
0x80000100,8,0.00000009,SW,SW,0xfe512423,LSU,"SM 1 warp 2 0x80000100                SW_0xfe512423 mask=FFFFFFFF ADDR 70000404, DATA 90000000 @30775ns,1 [trace exec_lsu.cpp:183]"
0x80000104,8,0.00000009,VMV_V_X,VMV_V_X,0x5e004057,OTHER,"SM 1 warp 2 0x80000104           VMV_V_X_0x5e004057 mask=FFFFFFFF WB v[000]={00000000 00000000 00000000 00000000 00000000 00000000 00000000 00000000 00000000 00000000 00000000 00000000 00000000 00000000 00000000 00000000 00000000 00000000 00000000 00000000 00000000 00000000 00000000 00000000 00000000 00000000 00000000 00000000 00000000 00000000 00000000 00000000}; s1=0 s2=0 s3=0 @30865ns,1 [trace regfile.cpp:109]"
0x80000108,16,0.00000018,JAL,JAL,0x244000ef,CTRL,"SM 1 warp 2 0x80000108               JAL_0x244000ef JUMP=true, jumpTO 0x8000034c @30845ns,1 [trace exec_salu.cpp:108]"
0x8000010c,16,0.00000018,REGEXT,REGEXT,0x0080200b,OTHER,"SM 1 warp 2 0x8000010c            REGEXT_0x0080200b REGEXT(s3,s2,s1,d)=0,0,1,0 @16585ns,1 [trace decode.cpp:72]"
0x80000110,24,0.00000027,VSW_V,VSW_V,0xfe002e2b,VLSU,"SM 1 warp 2 0x80000110             VSW_V_0xfe002e2b REGEXT(s3,s2,s1,d)=0,0,1,0 is used to set s3,s2,s1,d=28,0,32,28 @16625ns,1 [trace decode.cpp:157]"
0x80000114,8,0.00000009,ADDI,ADDI,0x00100293,OTHER,"SM 1 warp 2 0x80000114              ADDI_0x00100293 WB x[005]=0x00000001 @34825ns,1 [trace regfile.cpp:87]"
0x80000118,8,0.00000009,VMV_V_X,VMV_V_X,0x5e02c057,OTHER,"SM 1 warp 2 0x80000118           VMV_V_X_0x5e02c057 mask=FFFFFFFF WB v[000]={00000001 00000001 00000001 00000001 00000001 00000001 00000001 00000001 00000001 00000001 00000001 00000001 00000001 00000001 00000001 00000001 00000001 00000001 00000001 00000001 00000001 00000001 00000001 00000001 00000001 00000001 00000001 00000001 00000001 00000001 00000001 00000001}; s1=5 s2=0 s3=0 @34905ns,1 [trace regfile.cpp:109]"
0x8000011c,16,0.00000018,JAL,JAL,0x230000ef,CTRL,"SM 1 warp 2 0x8000011c               JAL_0x230000ef JUMP=true, jumpTO 0x8000034c @34905ns,1 [trace exec_salu.cpp:108]"
0x80000120,24,0.00000027,REGEXT,REGEXT,0x0080200b,OTHER,"SM 1 warp 2 0x80000120            REGEXT_0x0080200b REGEXT(s3,s2,s1,d)=0,0,1,0 @23665ns,1 [trace decode.cpp:72]"
0x80000124,40,0.00000044,VLW_V,VLW_V,0x7fc028ab,VLSU,"SM 1 warp 2 0x80000124             VLW_V_0x7fc028ab REGEXT(s3,s2,s1,d)=0,0,1,0 is used to set s3,s2,s1,d=17,28,32,17 @23705ns,1 [trace decode.cpp:157]"
0x80000128,16,0.00000018,LW,LW,0xfe812683,LSU,"SM 1 warp 3 0x80000128                LW_0xfe812683 mask=FFFFFFFF MEMADDR 70000804 @49375ns,1 [trace exec_lsu.cpp:189]"
0x8000012c,16,0.00000018,LW,LW,0xfec12603,LSU,"SM 1 warp 3 0x8000012c                LW_0xfec12603 mask=FFFFFFFF MEMADDR 70000808 @49415ns,1 [trace exec_lsu.cpp:189]"
0x80000130,16,0.00000018,LW,LW,0xff012583,LSU,"SM 1 warp 3 0x80000130                LW_0xff012583 mask=FFFFFFFF MEMADDR 7000080c @49435ns,1 [trace exec_lsu.cpp:189]"
0x80000134,16,0.00000018,LW,LW,0xff412503,LSU,"SM 1 warp 3 0x80000134                LW_0xff412503 mask=FFFFFFFF MEMADDR 70000810 @49495ns,1 [trace exec_lsu.cpp:189]"
0x80000138,16,0.00000018,LW,LW,0xff812483,LSU,"SM 1 warp 3 0x80000138                LW_0xff812483 mask=FFFFFFFF MEMADDR 70000814 @49535ns,1 [trace exec_lsu.cpp:189]"
0x8000013c,16,0.00000018,LW,LW,0xffc12383,LSU,"SM 1 warp 3 0x8000013c                LW_0xffc12383 mask=FFFFFFFF MEMADDR 70000818 @49585ns,1 [trace exec_lsu.cpp:189]"
0x80000140,8,0.00000009,BGE,BGE,0x06a05063,BR,"SM 1 warp 3 0x80000140               BGE_0x06a05063 mask=FFFFFFFF, JUMP=false @49605ns,1 [trace exec_salu.cpp:339]"
0x80000144,16,0.00000018,JAL,JAL,0x0040006f,CTRL,"SM 1 warp 3 0x80000144               JAL_0x0040006f JUMP=true, jumpTO 0x80000148 @49665ns,1 [trace exec_salu.cpp:108]"
0x80000148,8,0.00000009,VSLL_VI,VSLL_VI,0x960230d7,VALU,"SM 1 warp 3 0x80000148           VSLL_VI_0x960230d7 mask=FFFFFFFF WB v[001]={00000040 00000040 00000040 00000040 00000040 00000040 00000040 00000040 00000040 00000040 00000040 00000040 00000040 00000040 00000040 00000040 00000050 00000050 00000050 00000050 00000050 00000050 00000050 00000050 00000050 00000050 00000050 00000050 00000050 00000050 00000050 00000050}; s1=4 s2=0 s3=1 @49785ns,1 [trace regfile.cpp:109]"
0x8000014c,8,0.00000009,VADD_VV,VADD_VV,0x021880d7,VALU,"SM 1 warp 3 0x8000014c           VADD_VV_0x021880d7 mask=FFFFFFFF WB v[001]={00000040 00000041 00000042 00000043 00000044 00000045 00000046 00000047 00000048 00000049 0000004a 0000004b 0000004c 0000004d 0000004e 0000004f 00000050 00000051 00000052 00000053 00000054 00000055 00000056 00000057 00000058 00000059 0000005a 0000005b 0000005c 0000005d 0000005e 0000005f}; s1=17 s2=1 s3=1 @49875ns,1 [trace regfile.cpp:109]"
0x80000150,8,0.00000009,VSLL_VI,VSLL_VI,0x96113157,VALU,"SM 1 warp 3 0x80000150           VSLL_VI_0x96113157 mask=FFFFFFFF WB v[002]={00000100 00000104 00000108 0000010c 00000110 00000114 00000118 0000011c 00000120 00000124 00000128 0000012c 00000130 00000134 00000138 0000013c 00000140 00000144 00000148 0000014c 00000150 00000154 00000158 0000015c 00000160 00000164 00000168 0000016c 00000170 00000174 00000178 0000017c}; s1=2 s2=1 s3=2 @49955ns,1 [trace regfile.cpp:109]"
0x80000154,8,0.00000009,ADDI,ADDI,0x80040293,OTHER,"SM 1 warp 3 0x80000154              ADDI_0x80040293 WB x[005]=0x70002000 @50005ns,1 [trace regfile.cpp:87]"
0x80000158,8,0.00000009,ADDI,ADDI,0x00040293,OTHER,"SM 1 warp 3 0x80000158              ADDI_0x00040293 WB x[005]=0x70002800 @50065ns,1 [trace regfile.cpp:87]"
0x8000015c,8,0.00000009,VADD_VX,VADD_VX,0x0222c0d7,VALU,"SM 1 warp 3 0x8000015c           VADD_VX_0x0222c0d7 mask=FFFFFFFF WB v[001]={70002900 70002904 70002908 7000290c 70002910 70002914 70002918 7000291c 70002920 70002924 70002928 7000292c 70002930 70002934 70002938 7000293c 70002940 70002944 70002948 7000294c 70002950 70002954 70002958 7000295c 70002960 70002964 70002968 7000296c 70002970 70002974 70002978 7000297c}; s1=5 s2=2 s3=1 @50145ns,1 [trace regfile.cpp:109]"
0x80000160,8,0.00000009,VMV_V_X,VMV_V_X,0x5e02c257,OTHER,"SM 1 warp 3 0x80000160           VMV_V_X_0x5e02c257 mask=FFFFFFFF WB v[004]={70002800 70002800 70002800 70002800 70002800 70002800 70002800 70002800 70002800 70002800 70002800 70002800 70002800 70002800 70002800 70002800 70002800 70002800 70002800 70002800 70002800 70002800 70002800 70002800 70002800 70002800 70002800 70002800 70002800 70002800 70002800 70002800}; s1=5 s2=0 s3=4 @50185ns,1 [trace regfile.cpp:109]"
0x80000164,8,0.00000009,ADDI,ADDI,0xc0040293,OTHER,"SM 1 warp 3 0x80000164              ADDI_0xc0040293 WB x[005]=0x70002400 @50205ns,1 [trace regfile.cpp:87]"
0x80000168,8,0.00000009,VADD_VX,VADD_VX,0x0222c157,VALU,"SM 1 warp 3 0x80000168           VADD_VX_0x0222c157 mask=FFFFFFFF WB v[002]={70002500 70002504 70002508 7000250c 70002510 70002514 70002518 7000251c 70002520 70002524 70002528 7000252c 70002530 70002534 70002538 7000253c 70002540 70002544 70002548 7000254c 70002550 70002554 70002558 7000255c 70002560 70002564 70002568 7000256c 70002570 70002574 70002578 7000257c}; s1=5 s2=2 s3=2 @50295ns,1 [trace regfile.cpp:109]"
0x8000016c,8,0.00000009,VMV_V_X,VMV_V_X,0x5e02c1d7,OTHER,"SM 1 warp 3 0x8000016c           VMV_V_X_0x5e02c1d7 mask=FFFFFFFF WB v[003]={70002400 70002400 70002400 70002400 70002400 70002400 70002400 70002400 70002400 70002400 70002400 70002400 70002400 70002400 70002400 70002400 70002400 70002400 70002400 70002400 70002400 70002400 70002400 70002400 70002400 70002400 70002400 70002400 70002400 70002400 70002400 70002400}; s1=5 s2=0 s3=3 @50345ns,1 [trace regfile.cpp:109]"
0x80000170,8,0.00000009,VSLL_VI,VSLL_VI,0x971132d7,VALU,"SM 1 warp 3 0x80000170           VSLL_VI_0x971132d7 mask=FFFFFFFF WB v[005]={00000000 00000004 00000008 0000000c 00000010 00000014 00000018 0000001c 00000020 00000024 00000028 0000002c 00000030 00000034 00000038 0000003c 00000000 00000004 00000008 0000000c 00000010 00000014 00000018 0000001c 00000020 00000024 00000028 0000002c 00000030 00000034 00000038 0000003c}; s1=2 s2=17 s3=5 @50375ns,1 [trace regfile.cpp:109]"
0x80000174,8,0.00000009,VADD_VV,VADD_VV,0x023281d7,VALU,"SM 1 warp 3 0x80000174           VADD_VV_0x023281d7 mask=FFFFFFFF WB v[003]={70002400 70002404 70002408 7000240c 70002410 70002414 70002418 7000241c 70002420 70002424 70002428 7000242c 70002430 70002434 70002438 7000243c 70002400 70002404 70002408 7000240c 70002410 70002414 70002418 7000241c 70002420 70002424 70002428 7000242c 70002430 70002434 70002438 7000243c}; s1=5 s2=3 s3=3 @50465ns,1 [trace regfile.cpp:109]"
0x80000178,8,0.00000009,VSLL_VI,VSLL_VI,0x960332d7,VALU,"SM 1 warp 3 0x80000178           VSLL_VI_0x960332d7 mask=FFFFFFFF WB v[005]={00000100 00000100 00000100 00000100 00000100 00000100 00000100 00000100 00000100 00000100 00000100 00000100 00000100 00000100 00000100 00000100 00000140 00000140 00000140 00000140 00000140 00000140 00000140 00000140 00000140 00000140 00000140 00000140 00000140 00000140 00000140 00000140}; s1=6 s2=0 s3=5 @50505ns,1 [trace regfile.cpp:109]"
0x8000017c,8,0.00000009,VADD_VV,VADD_VV,0x02428257,VALU,"SM 1 warp 3 0x8000017c           VADD_VV_0x02428257 mask=FFFFFFFF WB v[004]={70002900 70002900 70002900 70002900 70002900 70002900 70002900 70002900 70002900 70002900 70002900 70002900 70002900 70002900 70002900 70002900 70002940 70002940 70002940 70002940 70002940 70002940 70002940 70002940 70002940 70002940 70002940 70002940 70002940 70002940 70002940 70002940}; s1=5 s2=4 s3=4 @50585ns,1 [trace regfile.cpp:109]"
0x80000180,8,0.00000009,VMV_V_X,VMV_V_X,0x5e0042d7,OTHER,"SM 1 warp 3 0x80000180           VMV_V_X_0x5e0042d7 mask=FFFFFFFF WB v[005]={00000000 00000000 00000000 00000000 00000000 00000000 00000000 00000000 00000000 00000000 00000000 00000000 00000000 00000000 00000000 00000000 00000000 00000000 00000000 00000000 00000000 00000000 00000000 00000000 00000000 00000000 00000000 00000000 00000000 00000000 00000000 00000000}; s1=0 s2=0 s3=5 @50625ns,1 [trace regfile.cpp:109]"
0x80000184,256,0.00000283,BGE,BGE,0x02905e63,BR,"SM 1 warp 3 0x80000184               BGE_0x02905e63 mask=FFFFFFFF, JUMP=false @50635ns,1 [trace exec_salu.cpp:339]"
0x80000188,512,0.00000566,JAL,JAL,0x0040006f,CTRL,"SM 1 warp 3 0x80000188               JAL_0x0040006f JUMP=true, jumpTO 0x8000018c @50675ns,1 [trace exec_salu.cpp:108]"
0x8000018c,256,0.00000283,VADD_VV,VADD_VV,0x02500357,VALU,"SM 1 warp 3 0x8000018c           VADD_VV_0x02500357 mask=FFFFFFFF WB v[006]={00000004 00000004 00000004 00000004 00000004 00000004 00000004 00000004 00000004 00000004 00000004 00000004 00000004 00000004 00000004 00000004 00000005 00000005 00000005 00000005 00000005 00000005 00000005 00000005 00000005 00000005 00000005 00000005 00000005 00000005 00000005 00000005}; s1=0 s2=5 s3=6 @50785ns,1 [trace regfile.cpp:109]"
0x80000190,256,0.00000283,VMUL_VX,VMUL_VX,0x9663e3d7,VALU,"SM 1 warp 3 0x80000190           VMUL_VX_0x9663e3d7 mask=FFFFFFFF WB v[007]={00000800 00000800 00000800 00000800 00000800 00000800 00000800 00000800 00000800 00000800 00000800 00000800 00000800 00000800 00000800 00000800 00000a00 00000a00 00000a00 00000a00 00000a00 00000a00 00000a00 00000a00 00000a00 00000a00 00000a00 00000a00 00000a00 00000a00 00000a00 00000a00}; s1=7 s2=6 s3=7 @50865ns,1 [trace regfile.cpp:109]"
0x80000194,256,0.00000283,VMUL_VX,VMUL_VX,0x9664e457,VALU,"SM 1 warp 3 0x80000194           VMUL_VX_0x9664e457 mask=FFFFFFFF WB v[008]={00000800 00000800 00000800 00000800 00000800 00000800 00000800 00000800 00000800 00000800 00000800 00000800 00000800 00000800 00000800 00000800 00000a00 00000a00 00000a00 00000a00 00000a00 00000a00 00000a00 00000a00 00000a00 00000a00 00000a00 00000a00 00000a00 00000a00 00000a00 00000a00}; s1=9 s2=6 s3=8 @50905ns,1 [trace regfile.cpp:109]"
0x80000198,256,0.00000283,VMV_V_X,VMV_V_X,0x5e0044d7,OTHER,"SM 1 warp 3 0x80000198           VMV_V_X_0x5e0044d7 mask=FFFFFFFF WB v[009]={00000000 00000000 00000000 00000000 00000000 00000000 00000000 00000000 00000000 00000000 00000000 00000000 00000000 00000000 00000000 00000000 00000000 00000000 00000000 00000000 00000000 00000000 00000000 00000000 00000000 00000000 00000000 00000000 00000000 00000000 00000000 00000000}; s1=0 s2=0 s3=9 @50955ns,1 [trace regfile.cpp:109]"
0x8000019c,512,0.00000566,JAL,JAL,0x0400006f,CTRL,"SM 1 warp 3 0x8000019c               JAL_0x0400006f JUMP=true, jumpTO 0x800001dc @50935ns,1 [trace exec_salu.cpp:108]"
0x800001a0,8,0.00000009,JOIN,JOIN,0x0000205b,CTRL,"SM 1 warp 0 0x800001a0              JOIN_0x0000205b SIMTSTK receive join, stack-size=0 @866288105ns,1 [trace exec_simtstk.cpp:154]"
0x800001a4,16,0.00000018,LW,LW,0xfe412083,LSU,"SM 1 warp 0 0x800001a4                LW_0xfe412083 mask=FFFFFFFF MEMADDR 70001c00 @866288165ns,1 [trace exec_lsu.cpp:189]"
0x800001a8,8,0.00000009,ADDI,ADDI,0xfe410113,OTHER,"SM 1 warp 0 0x800001a8              ADDI_0xfe410113 WB x[002]=0x70001c00 @866288225ns,1 [trace regfile.cpp:87]"
0x800001ac,8,0.00000009,ADDI,ADDI,0x80040413,OTHER,"SM 1 warp 0 0x800001ac              ADDI_0x80040413 WB x[008]=0x70002000 @866288275ns,1 [trace regfile.cpp:87]"
0x800001b0,8,0.00000009,ADDI,ADDI,0xffc20213,OTHER,"SM 1 warp 0 0x800001b0              ADDI_0xffc20213 WB x[004]=0x00000000 @866288335ns,1 [trace regfile.cpp:87]"
0x800001b4,396,0.00000438,REGEXT,REGEXT,0x0010200b,OTHER,"SM 1 warp 3 0x800001b4            REGEXT_0x0010200b REGEXT(s3,s2,s1,d)=0,0,0,1 @50655ns,1 [trace decode.cpp:72]"
0x800001b8,272,0.00000301,VMV_V_X,VMV_V_X,0x5e024057,OTHER,"SM 1 warp 3 0x800001b8           VMV_V_X_0x5e024057 REGEXT(s3,s2,s1,d)=0,0,0,1 is used to set s3,s2,s1,d=32,0,4,32 @50805ns,1 [trace decode.cpp:157]"
0x800001bc,16,0.00000018,JALR,JALR,0x00008067,CTRL,"SM 1 warp 0 0x800001bc              JALR_0x00008067 JUMP=true, jumpTO 0x800000a0 @866288445ns,1 [trace exec_salu.cpp:121]"
0x800001c0,256,0.00000283,JOIN,JOIN,0x0000205b,CTRL,"SM 1 warp 0 0x800001c0              JOIN_0x0000205b SIMTSTK receive join, stack-size=0 @28280905ns,1 [trace exec_simtstk.cpp:154]"
0x800001c4,256,0.00000283,VADD12_VI,VADD12_VI,0x0102828b,VALU,"SM 1 warp 0 0x800001c4         VADD12_VI_0x0102828b mask=FFFFFFFF WB v[005]={00000010 00000010 00000010 00000010 00000010 00000010 00000010 00000010 00000010 00000010 00000010 00000010 00000010 00000010 00000010 00000010 00000010 00000010 00000010 00000010 00000010 00000010 00000010 00000010 00000010 00000010 00000010 00000010 00000010 00000010 00000010 00000010}; s1=5 s2=16 s3=5 @28281005ns,1 [trace regfile.cpp:109]"
0x800001c8,256,0.00000283,VMV_V_X,VMV_V_X,0x5e054357,OTHER,"SM 1 warp 0 0x800001c8           VMV_V_X_0x5e054357 mask=FFFFFFFF WB v[006]={00000200 00000200 00000200 00000200 00000200 00000200 00000200 00000200 00000200 00000200 00000200 00000200 00000200 00000200 00000200 00000200 00000200 00000200 00000200 00000200 00000200 00000200 00000200 00000200 00000200 00000200 00000200 00000200 00000200 00000200 00000200 00000200}; s1=10 s2=0 s3=6 @28281045ns,1 [trace regfile.cpp:109]"
0x800001cc,256,0.00000283,AUIPC,AUIPC,0x00000317,OTHER,"SM 1 warp 0 0x800001cc             AUIPC_0x00000317 WB x[006]=0x800001cc @28281055ns,1 [trace regfile.cpp:87]"
0x800001d0,512,0.00000566,SETRPC,SETRPC,0xfd43305b,CSR,"SM 1 warp 0 0x800001d0            SETRPC_0xfd43305b CSR[0xfd4]=0x0 @28281095ns,1 [trace exec_csr.cpp:154]"
0x800001d4,512,0.00000566,VBLT,VBLT,0xfa5348db,OTHER,"SM 1 warp 0 0x800001d4              VBLT_0xfa5348db from VALU, current_mask=FFFFFFFF, branch_mask=FFFFFFFF, stack-size=0 @28281175ns,1 [trace exec_simtstk.cpp:53]"
0x800001d8,16,0.00000018,JAL,JAL,0xfc9ff06f,CTRL,"SM 1 warp 0 0x800001d8               JAL_0xfc9ff06f JUMP=true, jumpTO 0x800001a0 @866288055ns,1 [trace exec_salu.cpp:108]"
0x800001dc,8192,0.00009051,LUI,LUI,0x800032b7,OTHER,"SM 1 warp 3 0x800001dc               LUI_0x800032b7 WB x[005]=0x80003000 @51005ns,1 [trace regfile.cpp:87]"
0x800001e0,16384,0.00018103,LW,LW,0x0082a283,LSU,"SM 1 warp 3 0x800001e0                LW_0x0082a283 mask=FFFFFFFF MEMADDR 80003008 @51455ns,1 [trace exec_lsu.cpp:189]"
0x800001e4,8192,0.00009051,VADD_VV,VADD_VV,0x02988557,VALU,"SM 1 warp 3 0x800001e4           VADD_VV_0x02988557 mask=FFFFFFFF WB v[010]={00000000 00000001 00000002 00000003 00000004 00000005 00000006 00000007 00000008 00000009 0000000a 0000000b 0000000c 0000000d 0000000e 0000000f 00000000 00000001 00000002 00000003 00000004 00000005 00000006 00000007 00000008 00000009 0000000a 0000000b 0000000c 0000000d 0000000e 0000000f}; s1=17 s2=9 s3=10 @51185ns,1 [trace regfile.cpp:109]"
0x800001e8,8192,0.00009051,VMV_V_X,VMV_V_X,0x5e02c5d7,OTHER,"SM 1 warp 3 0x800001e8           VMV_V_X_0x5e02c5d7 mask=FFFFFFFF WB v[011]={00000000 00000000 00000000 00000000 00000000 00000000 00000000 00000000 00000000 00000000 00000000 00000000 00000000 00000000 00000000 00000000 00000000 00000000 00000000 00000000 00000000 00000000 00000000 00000000 00000000 00000000 00000000 00000000 00000000 00000000 00000000 00000000}; s1=5 s2=0 s3=11 @51575ns,1 [trace regfile.cpp:109]"
0x800001ec,8192,0.00009051,BGE,BGE,0x00705e63,BR,"SM 1 warp 3 0x800001ec               BGE_0x00705e63 mask=FFFFFFFF, JUMP=false @51585ns,1 [trace exec_salu.cpp:339]"
0x800001f0,16384,0.00018103,JAL,JAL,0x0040006f,CTRL,"SM 1 warp 3 0x800001f0               JAL_0x0040006f JUMP=true, jumpTO 0x800001f4 @51635ns,1 [trace exec_salu.cpp:108]"
0x800001f4,8192,0.00009051,LUI,LUI,0x800032b7,OTHER,"SM 1 warp 3 0x800001f4               LUI_0x800032b7 WB x[005]=0x80003000 @51705ns,1 [trace regfile.cpp:87]"
0x800001f8,16384,0.00018103,LW,LW,0x0082a283,LSU,"SM 1 warp 3 0x800001f8                LW_0x0082a283 mask=FFFFFFFF MEMADDR 80003008 @52665ns,1 [trace exec_lsu.cpp:189]"
0x800001fc,8192,0.00009051,VMV_V_X,VMV_V_X,0x5e02c5d7,OTHER,"SM 1 warp 3 0x800001fc           VMV_V_X_0x5e02c5d7 mask=FFFFFFFF WB v[011]={00000000 00000000 00000000 00000000 00000000 00000000 00000000 00000000 00000000 00000000 00000000 00000000 00000000 00000000 00000000 00000000 00000000 00000000 00000000 00000000 00000000 00000000 00000000 00000000 00000000 00000000 00000000 00000000 00000000 00000000 00000000 00000000}; s1=5 s2=0 s3=11 @53315ns,1 [trace regfile.cpp:109]"
0x80000200,8192,0.00009051,VMV_V_X,VMV_V_X,0x5e004657,OTHER,"SM 1 warp 3 0x80000200           VMV_V_X_0x5e004657 mask=FFFFFFFF WB v[012]={00000000 00000000 00000000 00000000 00000000 00000000 00000000 00000000 00000000 00000000 00000000 00000000 00000000 00000000 00000000 00000000 00000000 00000000 00000000 00000000 00000000 00000000 00000000 00000000 00000000 00000000 00000000 00000000 00000000 00000000 00000000 00000000}; s1=0 s2=0 s3=12 @53355ns,1 [trace regfile.cpp:109]"
0x80000204,16384,0.00018103,JAL,JAL,0x0280006f,CTRL,"SM 1 warp 3 0x80000204               JAL_0x0280006f JUMP=true, jumpTO 0x8000022c @53365ns,1 [trace exec_salu.cpp:108]"
0x80000208,8192,0.00009051,JOIN,JOIN,0x0000205b,CTRL,"SM 1 warp 3 0x80000208              JOIN_0x0000205b SIMTSTK receive join, stack-size=0 @924785ns,1 [trace exec_simtstk.cpp:154]"
0x8000020c,8192,0.00009051,VMV_V_X,VMV_V_X,0x5e004657,OTHER,"SM 1 warp 0 0x8000020c           VMV_V_X_0x5e004657 mask=FFFFFFFF WB v[012]={00000000 00000000 00000000 00000000 00000000 00000000 00000000 00000000 00000000 00000000 00000000 00000000 00000000 00000000 00000000 00000000 00000000 00000000 00000000 00000000 00000000 00000000 00000000 00000000 00000000 00000000 00000000 00000000 00000000 00000000 00000000 00000000}; s1=0 s2=0 s3=12 @924875ns,1 [trace regfile.cpp:109]"
0x80000210,8192,0.00009051,VMSLT_VX,VMSLT_VX,0x6e6546d7,OTHER,"SM 1 warp 3 0x80000210          VMSLT_VX_0x6e6546d7 mask=FFFFFFFF WB v[013]={00000001 00000001 00000001 00000001 00000001 00000001 00000001 00000001 00000001 00000001 00000001 00000001 00000001 00000001 00000001 00000001 00000001 00000001 00000001 00000001 00000001 00000001 00000001 00000001 00000001 00000001 00000001 00000001 00000001 00000001 00000001 00000001}; s1=10 s2=6 s3=13 @924925ns,1 [trace regfile.cpp:109]"
0x80000214,8192,0.00009051,VMSLT_VX,VMSLT_VX,0x6ea4c757,OTHER,"SM 1 warp 3 0x80000214          VMSLT_VX_0x6ea4c757 mask=FFFFFFFF WB v[014]={00000001 00000001 00000001 00000001 00000001 00000001 00000001 00000001 00000001 00000001 00000001 00000001 00000001 00000001 00000001 00000001 00000001 00000001 00000001 00000001 00000001 00000001 00000001 00000001 00000001 00000001 00000001 00000001 00000001 00000001 00000001 00000001}; s1=9 s2=10 s3=14 @925005ns,1 [trace regfile.cpp:109]"
0x80000218,8192,0.00009051,VAND_VV,VAND_VV,0x26d706d7,OTHER,"SM 1 warp 3 0x80000218           VAND_VV_0x26d706d7 mask=FFFFFFFF WB v[013]={00000001 00000001 00000001 00000001 00000001 00000001 00000001 00000001 00000001 00000001 00000001 00000001 00000001 00000001 00000001 00000001 00000001 00000001 00000001 00000001 00000001 00000001 00000001 00000001 00000001 00000001 00000001 00000001 00000001 00000001 00000001 00000001}; s1=14 s2=13 s3=13 @925125ns,1 [trace regfile.cpp:109]"
0x8000021c,8192,0.00009051,AUIPC,AUIPC,0x00000317,OTHER,"SM 1 warp 0 0x8000021c             AUIPC_0x00000317 WB x[006]=0x8000021c @925115ns,1 [trace regfile.cpp:87]"
0x80000220,16384,0.00018103,SETRPC,SETRPC,0x1143305b,CSR,"SM 1 warp 0 0x80000220            SETRPC_0x1143305b CSR[0x114]=0x0 @925175ns,1 [trace exec_csr.cpp:154]"
0x80000224,16384,0.00018103,VBNE,VBNE,0x0ed61e5b,OTHER,"SM 1 warp 3 0x80000224              VBNE_0x0ed61e5b from VALU, current_mask=FFFFFFFF, branch_mask=FFFFFFFF, stack-size=0 @925265ns,1 [trace exec_simtstk.cpp:53]"
0x8000022c,262144,0.00289647,VMV_V_X,VMV_V_X,0x5e0047d7,OTHER,"SM 1 warp 3 0x8000022c           VMV_V_X_0x5e0047d7 mask=FFFFFFFF WB v[015]={00000000 00000000 00000000 00000000 00000000 00000000 00000000 00000000 00000000 00000000 00000000 00000000 00000000 00000000 00000000 00000000 00000000 00000000 00000000 00000000 00000000 00000000 00000000 00000000 00000000 00000000 00000000 00000000 00000000 00000000 00000000 00000000}; s1=0 s2=0 s3=15 @53485ns,1 [trace regfile.cpp:109]"
0x80000230,262144,0.00289647,VMSLT_VX,VMSLT_VX,0x6e6546d7,OTHER,"SM 1 warp 3 0x80000230          VMSLT_VX_0x6e6546d7 mask=FFFFFFFF WB v[013]={00000001 00000001 00000001 00000001 00000001 00000001 00000001 00000001 00000001 00000001 00000001 00000001 00000001 00000001 00000001 00000001 00000001 00000001 00000001 00000001 00000001 00000001 00000001 00000001 00000001 00000001 00000001 00000001 00000001 00000001 00000001 00000001}; s1=10 s2=6 s3=13 @53525ns,1 [trace regfile.cpp:109]"
0x80000234,262144,0.00289647,VADD_VV,VADD_VV,0x02c88757,VALU,"SM 1 warp 3 0x80000234           VADD_VV_0x02c88757 mask=FFFFFFFF WB v[014]={00000000 00000001 00000002 00000003 00000004 00000005 00000006 00000007 00000008 00000009 0000000a 0000000b 0000000c 0000000d 0000000e 0000000f 00000000 00000001 00000002 00000003 00000004 00000005 00000006 00000007 00000008 00000009 0000000a 0000000b 0000000c 0000000d 0000000e 0000000f}; s1=17 s2=12 s3=14 @53565ns,1 [trace regfile.cpp:109]"
0x80000238,262144,0.00289647,VMSLT_VX,VMSLT_VX,0x6ee3c857,OTHER,"SM 1 warp 3 0x80000238          VMSLT_VX_0x6ee3c857 mask=FFFFFFFF WB v[016]={00000001 00000001 00000001 00000001 00000001 00000001 00000001 00000001 00000001 00000001 00000001 00000001 00000001 00000001 00000001 00000001 00000001 00000001 00000001 00000001 00000001 00000001 00000001 00000001 00000001 00000001 00000001 00000001 00000001 00000001 00000001 00000001}; s1=7 s2=14 s3=16 @53645ns,1 [trace regfile.cpp:109]"
0x8000023c,262144,0.00289647,LUI,LUI,0x800032b7,OTHER,"SM 1 warp 3 0x8000023c               LUI_0x800032b7 WB x[005]=0x80003000 @53655ns,1 [trace regfile.cpp:87]"
0x80000240,524288,0.00579294,LW,LW,0x0082a283,LSU,"SM 1 warp 3 0x80000240                LW_0x0082a283 mask=FFFFFFFF MEMADDR 80003008 @53695ns,1 [trace exec_lsu.cpp:189]"
0x80000244,262144,0.00289647,VAND_VV,VAND_VV,0x26d80857,OTHER,"SM 1 warp 3 0x80000244           VAND_VV_0x26d80857 mask=FFFFFFFF WB v[016]={00000001 00000001 00000001 00000001 00000001 00000001 00000001 00000001 00000001 00000001 00000001 00000001 00000001 00000001 00000001 00000001 00000001 00000001 00000001 00000001 00000001 00000001 00000001 00000001 00000001 00000001 00000001 00000001 00000001 00000001 00000001 00000001}; s1=16 s2=13 s3=16 @53775ns,1 [trace regfile.cpp:109]"
0x80000248,262144,0.00289647,VMV_V_X,VMV_V_X,0x5e02c6d7,OTHER,"SM 1 warp 3 0x80000248           VMV_V_X_0x5e02c6d7 mask=FFFFFFFF WB v[013]={00000000 00000000 00000000 00000000 00000000 00000000 00000000 00000000 00000000 00000000 00000000 00000000 00000000 00000000 00000000 00000000 00000000 00000000 00000000 00000000 00000000 00000000 00000000 00000000 00000000 00000000 00000000 00000000 00000000 00000000 00000000 00000000}; s1=5 s2=0 s3=13 @53815ns,1 [trace regfile.cpp:109]"
0x8000024c,262144,0.00289647,AUIPC,AUIPC,0x00000317,OTHER,"SM 1 warp 3 0x8000024c             AUIPC_0x00000317 WB x[006]=0x8000024c @53825ns,1 [trace regfile.cpp:87]"
0x80000250,524288,0.00579294,SETRPC,SETRPC,0x0203305b,CSR,"SM 1 warp 3 0x80000250            SETRPC_0x0203305b CSR[0x20]=0x0 @53865ns,1 [trace exec_csr.cpp:154]"
0x80000254,524288,0.00579294,VBEQ,VBEQ,0x01078c5b,BR,"SM 1 warp 3 0x80000254              VBEQ_0x01078c5b from VALU, current_mask=FFFFFFFF, branch_mask=0, stack-size=0 @53955ns,1 [trace exec_simtstk.cpp:53]"
0x80000258,524288,0.00579294,JAL,JAL,0x0040006f,CTRL,"SM 1 warp 3 0x80000258               JAL_0x0040006f JUMP=true, jumpTO 0x8000025c @53995ns,1 [trace exec_salu.cpp:108]"
0x8000025c,262144,0.00289647,VADD_VV,VADD_VV,0x02e386d7,VALU,"SM 1 warp 3 0x8000025c           VADD_VV_0x02e386d7 mask=FFFFFFFF WB v[013]={00000800 00000801 00000802 00000803 00000804 00000805 00000806 00000807 00000808 00000809 0000080a 0000080b 0000080c 0000080d 0000080e 0000080f 00000a00 00000a01 00000a02 00000a03 00000a04 00000a05 00000a06 00000a07 00000a08 00000a09 00000a0a 00000a0b 00000a0c 00000a0d 00000a0e 00000a0f}; s1=7 s2=14 s3=13 @54125ns,1 [trace regfile.cpp:109]"
0x80000260,262144,0.00289647,VSLL_VI,VSLL_VI,0x96d136d7,VALU,"SM 1 warp 3 0x80000260           VSLL_VI_0x96d136d7 mask=FFFFFFFF WB v[013]={00002000 00002004 00002008 0000200c 00002010 00002014 00002018 0000201c 00002020 00002024 00002028 0000202c 00002030 00002034 00002038 0000203c 00002800 00002804 00002808 0000280c 00002810 00002814 00002818 0000281c 00002820 00002824 00002828 0000282c 00002830 00002834 00002838 0000283c}; s1=2 s2=13 s3=13 @54205ns,1 [trace regfile.cpp:109]"
0x80000264,262144,0.00289647,VADD_VX,VADD_VX,0x02d6c6d7,VALU,"SM 1 warp 3 0x80000264           VADD_VX_0x02d6c6d7 mask=FFFFFFFF WB v[013]={90002000 90002004 90002008 9000200c 90002010 90002014 90002018 9000201c 90002020 90002024 90002028 9000202c 90002030 90002034 90002038 9000203c 90002800 90002804 90002808 9000280c 90002810 90002814 90002818 9000281c 90002820 90002824 90002828 9000282c 90002830 90002834 90002838 9000283c}; s1=13 s2=13 s3=13 @54295ns,1 [trace regfile.cpp:109]"
0x80000268,524288,0.00579294,VLW12_V,VLW12_V,0x0006a6fb,VLSU,"SM 1 warp 2 0x80000268           VLW12_V_0x0006a6fb mask=FFFFFFFF MEMADDR 90001000 90001004 90001008 9000100c 90001010 90001014 90001018 9000101c 90001020 90001024 90001028 9000102c 90001030 90001034 90001038 9000103c 90001800 90001804 90001808 9000180c 90001810 90001814 90001818 9000181c 90001820 90001824 90001828 9000182c 90001830 90001834 90001838 9000183c @54435ns,1 [trace exec_lsu.cpp:189]"
0x8000026c,262144,0.00289647,JOIN,JOIN,0x0000205b,CTRL,"SM 1 warp 2 0x8000026c              JOIN_0x0000205b SIMTSTK receive join, stack-size=0 @54365ns,1 [trace exec_simtstk.cpp:154]"
0x80000270,262144,0.00289647,VMV_V_X,VMV_V_X,0x5e0047d7,OTHER,"SM 1 warp 2 0x80000270           VMV_V_X_0x5e0047d7 mask=FFFFFFFF WB v[015]={00000000 00000000 00000000 00000000 00000000 00000000 00000000 00000000 00000000 00000000 00000000 00000000 00000000 00000000 00000000 00000000 00000000 00000000 00000000 00000000 00000000 00000000 00000000 00000000 00000000 00000000 00000000 00000000 00000000 00000000 00000000 00000000}; s1=0 s2=0 s3=15 @54485ns,1 [trace regfile.cpp:109]"
0x80000274,262144,0.00289647,VMSLT_VX,VMSLT_VX,0x6ea4c757,OTHER,"SM 1 warp 2 0x80000274          VMSLT_VX_0x6ea4c757 mask=FFFFFFFF WB v[014]={00000001 00000001 00000001 00000001 00000001 00000001 00000001 00000001 00000001 00000001 00000001 00000001 00000001 00000001 00000001 00000001 00000001 00000001 00000001 00000001 00000001 00000001 00000001 00000001 00000001 00000001 00000001 00000001 00000001 00000001 00000001 00000001}; s1=9 s2=10 s3=14 @54535ns,1 [trace regfile.cpp:109]"
0x80000278,262144,0.00289647,VSW12_V,VSW12_V,0x00d0e07b,VLSU,"SM 1 warp 2 0x80000278           VSW12_V_0x00d0e07b mask=FFFFFFFF ADDR 70002880 70002884 70002888 7000288c 70002890 70002894 70002898 7000289c 700028a0 700028a4 700028a8 700028ac 700028b0 700028b4 700028b8 700028bc 700028c0 700028c4 700028c8 700028cc 700028d0 700028d4 700028d8 700028dc 700028e0 700028e4 700028e8 700028ec 700028f0 700028f4 700028f8 700028fc, DATA 3b5e4500 bb921fc0 bc4a19a0 bca5c1a0 bce6a6c0 bd13dbd8 bd3479e0 bd552b28 bd75efe8 bd8b62f0 bd9bd650 bdac50f0 bdbcd2e4 bdcd5b0c bddde928 bdee7c1c 3ec72f58 3ec1c570 3ebc54c1 3eb6dd54 3eb15f58 3eabdb0e 3ea650c6 3ea0c088 3e9b2a82 3e958ef8 3e8fee3c 3e8a4853 3e849d70 3e7ddbaa 3e7273ac 3e6702f0 @56175ns,1 [trace exec_lsu.cpp:183]"
0x8000027c,262144,0.00289647,VADD_VV,VADD_VV,0x02c006d7,VALU,"SM 1 warp 2 0x8000027c           VADD_VV_0x02c006d7 mask=FFFFFFFF WB v[013]={00000002 00000002 00000002 00000002 00000002 00000002 00000002 00000002 00000002 00000002 00000002 00000002 00000002 00000002 00000002 00000002 00000003 00000003 00000003 00000003 00000003 00000003 00000003 00000003 00000003 00000003 00000003 00000003 00000003 00000003 00000003 00000003}; s1=0 s2=12 s3=13 @56265ns,1 [trace regfile.cpp:109]"
0x80000280,262144,0.00289647,VMSLT_VX,VMSLT_VX,0x6ed3c857,OTHER,"SM 1 warp 2 0x80000280          VMSLT_VX_0x6ed3c857 mask=FFFFFFFF WB v[016]={00000001 00000001 00000001 00000001 00000001 00000001 00000001 00000001 00000001 00000001 00000001 00000001 00000001 00000001 00000001 00000001 00000001 00000001 00000001 00000001 00000001 00000001 00000001 00000001 00000001 00000001 00000001 00000001 00000001 00000001 00000001 00000001}; s1=7 s2=13 s3=16 @56355ns,1 [trace regfile.cpp:109]"
0x80000284,262144,0.00289647,LUI,LUI,0x800032b7,OTHER,"SM 1 warp 2 0x80000284               LUI_0x800032b7 WB x[005]=0x80003000 @56345ns,1 [trace regfile.cpp:87]"
0x80000288,524288,0.00579294,LW,LW,0x0082a283,LSU,"SM 1 warp 2 0x80000288                LW_0x0082a283 mask=FFFFFFFF MEMADDR 80003008 @56385ns,1 [trace exec_lsu.cpp:189]"
0x8000028c,262144,0.00289647,VAND_VV,VAND_VV,0x27070857,OTHER,"SM 1 warp 2 0x8000028c           VAND_VV_0x27070857 mask=FFFFFFFF WB v[016]={00000001 00000001 00000001 00000001 00000001 00000001 00000001 00000001 00000001 00000001 00000001 00000001 00000001 00000001 00000001 00000001 00000001 00000001 00000001 00000001 00000001 00000001 00000001 00000001 00000001 00000001 00000001 00000001 00000001 00000001 00000001 00000001}; s1=14 s2=16 s3=16 @56465ns,1 [trace regfile.cpp:109]"
0x80000290,262144,0.00289647,VMV_V_X,VMV_V_X,0x5e02c757,OTHER,"SM 1 warp 2 0x80000290           VMV_V_X_0x5e02c757 mask=FFFFFFFF WB v[014]={00000000 00000000 00000000 00000000 00000000 00000000 00000000 00000000 00000000 00000000 00000000 00000000 00000000 00000000 00000000 00000000 00000000 00000000 00000000 00000000 00000000 00000000 00000000 00000000 00000000 00000000 00000000 00000000 00000000 00000000 00000000 00000000}; s1=5 s2=0 s3=14 @56955ns,1 [trace regfile.cpp:109]"
0x80000294,262144,0.00289647,AUIPC,AUIPC,0x00000317,OTHER,"SM 1 warp 2 0x80000294             AUIPC_0x00000317 WB x[006]=0x80000294 @56975ns,1 [trace regfile.cpp:87]"
0x80000298,524288,0.00579294,SETRPC,SETRPC,0x0203305b,CSR,"SM 1 warp 2 0x80000298            SETRPC_0x0203305b CSR[0x20]=0x0 @57015ns,1 [trace exec_csr.cpp:154]"
0x8000029c,524288,0.00579294,VBEQ,VBEQ,0x01078c5b,BR,"SM 1 warp 2 0x8000029c              VBEQ_0x01078c5b from VALU, current_mask=FFFFFFFF, branch_mask=0, stack-size=0 @57095ns,1 [trace exec_simtstk.cpp:53]"
0x800002a0,524288,0.00579294,JAL,JAL,0x0040006f,CTRL,"SM 1 warp 2 0x800002a0               JAL_0x0040006f JUMP=true, jumpTO 0x800002a4 @57135ns,1 [trace exec_salu.cpp:108]"
0x800002a4,262144,0.00289647,VMADD_VX,VMADD_VX,0xa6a4e6d7,VALU,"SM 1 warp 2 0x800002a4          VMADD_VX_0xa6a4e6d7 mask=FFFFFFFF WB v[013]={00000400 00000401 00000402 00000403 00000404 00000405 00000406 00000407 00000408 00000409 0000040a 0000040b 0000040c 0000040d 0000040e 0000040f 00000600 00000601 00000602 00000603 00000604 00000605 00000606 00000607 00000608 00000609 0000060a 0000060b 0000060c 0000060d 0000060e 0000060f}; s1=9 s2=10 s3=13 @57255ns,1 [trace regfile.cpp:109]"
0x800002a8,262144,0.00289647,VSLL_VI,VSLL_VI,0x96d136d7,VALU,"SM 1 warp 2 0x800002a8           VSLL_VI_0x96d136d7 mask=FFFFFFFF WB v[013]={00001000 00001004 00001008 0000100c 00001010 00001014 00001018 0000101c 00001020 00001024 00001028 0000102c 00001030 00001034 00001038 0000103c 00001800 00001804 00001808 0000180c 00001810 00001814 00001818 0000181c 00001820 00001824 00001828 0000182c 00001830 00001834 00001838 0000183c}; s1=2 s2=13 s3=13 @57335ns,1 [trace regfile.cpp:109]"
0x800002ac,262144,0.00289647,VADD_VX,VADD_VX,0x02d646d7,VALU,"SM 1 warp 2 0x800002ac           VADD_VX_0x02d646d7 mask=FFFFFFFF WB v[013]={90101000 90101004 90101008 9010100c 90101010 90101014 90101018 9010101c 90101020 90101024 90101028 9010102c 90101030 90101034 90101038 9010103c 90101800 90101804 90101808 9010180c 90101810 90101814 90101818 9010181c 90101820 90101824 90101828 9010182c 90101830 90101834 90101838 9010183c}; s1=12 s2=13 s3=13 @57435ns,1 [trace regfile.cpp:109]"
0x800002b0,524288,0.00579294,VLW12_V,VLW12_V,0x0006a77b,VLSU,"SM 1 warp 2 0x800002b0           VLW12_V_0x0006a77b mask=FFFFFFFF MEMADDR 90101000 90101004 90101008 9010100c 90101010 90101014 90101018 9010101c 90101020 90101024 90101028 9010102c 90101030 90101034 90101038 9010103c 90101800 90101804 90101808 9010180c 90101810 90101814 90101818 9010181c 90101820 90101824 90101828 9010182c 90101830 90101834 90101838 9010183c @57475ns,1 [trace exec_lsu.cpp:189]"
0x800002b4,262144,0.00289647,JOIN,JOIN,0x0000205b,CTRL,"SM 1 warp 2 0x800002b4              JOIN_0x0000205b SIMTSTK receive join, stack-size=0 @57505ns,1 [trace exec_simtstk.cpp:154]"
0x800002b8,262144,0.00289647,VSW12_V,VSW12_V,0x00e1607b,VLSU,"SM 1 warp 7 0x800002b8           VSW12_V_0x00e1607b mask=FFFFFFFF ADDR 70002700 70002704 70002708 7000270c 70002710 70002714 70002718 7000271c 70002720 70002724 70002728 7000272c 70002730 70002734 70002738 7000273c 70002740 70002744 70002748 7000274c 70002750 70002754 70002758 7000275c 70002760 70002764 70002768 7000276c 70002770 70002774 70002778 7000277c, DATA be2fe36e be46112e be5c2764 be72208e be83febc be8edc58 be99a9da bea4649b beaf0cef beb9a03c bec41e5e bece871f bed8d806 bee3114f beed308e bef73664 3f2c1ddc 3f2e1f0f 3f300c9a 3f31e5f7 3f33aba8 3f355d1f 3f36f9ed 3f38827c 3f39f65f 3f3b5564 3f3c9f3e 3f3dd437 3f3ef3f8 3f3ffe4d 3f40f354 3f41d2da @61445ns,1 [trace exec_lsu.cpp:183]"
0x800002c0,262144,0.00289647,VMV_V_X,VMV_V_X,0x5e0046d7,OTHER,"SM 1 warp 2 0x800002c0           VMV_V_X_0x5e0046d7 mask=FFFFFFFF WB v[013]={00000000 00000000 00000000 00000000 00000000 00000000 00000000 00000000 00000000 00000000 00000000 00000000 00000000 00000000 00000000 00000000 00000000 00000000 00000000 00000000 00000000 00000000 00000000 00000000 00000000 00000000 00000000 00000000 00000000 00000000 00000000 00000000}; s1=0 s2=0 s3=13 @73995ns,1 [trace regfile.cpp:109]"
0x800002c4,262144,0.00289647,VADD_VX,VADD_VX,0x02304757,VALU,"SM 1 warp 2 0x800002c4           VADD_VX_0x02304757 mask=FFFFFFFF WB v[014]={70002400 70002404 70002408 7000240c 70002410 70002414 70002418 7000241c 70002420 70002424 70002428 7000242c 70002430 70002434 70002438 7000243c 70002400 70002404 70002408 7000240c 70002410 70002414 70002418 7000241c 70002420 70002424 70002428 7000242c 70002430 70002434 70002438 7000243c}; s1=0 s2=3 s3=14 @74055ns,1 [trace regfile.cpp:109]"
0x800002c8,524288,0.00579294,JAL,JAL,0x0240006f,CTRL,"SM 1 warp 3 0x800002c8               JAL_0x0240006f JUMP=true, jumpTO 0x800002ec @74055ns,1 [trace exec_salu.cpp:108]"
0x800002cc,262144,0.00289647,JOIN,JOIN,0x0000205b,CTRL,"SM 1 warp 5 0x800002cc              JOIN_0x0000205b SIMTSTK receive join, stack-size=0 @86185ns,1 [trace exec_simtstk.cpp:154]"
0x800002d0,262144,0.00289647,VADD12_VI,VADD12_VI,0x0106060b,VALU,"SM 1 warp 5 0x800002d0         VADD12_VI_0x0106060b mask=FFFFFFFF WB v[012]={00000010 00000010 00000010 00000010 00000010 00000010 00000010 00000010 00000010 00000010 00000010 00000010 00000010 00000010 00000010 00000010 00000010 00000010 00000010 00000010 00000010 00000010 00000010 00000010 00000010 00000010 00000010 00000010 00000010 00000010 00000010 00000010}; s1=12 s2=16 s3=12 @86285ns,1 [trace regfile.cpp:109]"
0x800002d4,262144,0.00289647,VMV_V_X,VMV_V_X,0x5e03c6d7,OTHER,"SM 1 warp 5 0x800002d4           VMV_V_X_0x5e03c6d7 mask=FFFFFFFF WB v[013]={00000200 00000200 00000200 00000200 00000200 00000200 00000200 00000200 00000200 00000200 00000200 00000200 00000200 00000200 00000200 00000200 00000200 00000200 00000200 00000200 00000200 00000200 00000200 00000200 00000200 00000200 00000200 00000200 00000200 00000200 00000200 00000200}; s1=7 s2=0 s3=13 @86325ns,1 [trace regfile.cpp:109]"
0x800002dc,262144,0.00289647,AUIPC,AUIPC,0x00000317,OTHER,"SM 1 warp 2 0x800002dc             AUIPC_0x00000317 WB x[006]=0x800002dc @86895ns,1 [trace regfile.cpp:87]"
0x800002e0,524288,0.00579294,SETRPC,SETRPC,0xf2c3305b,CSR,"SM 1 warp 2 0x800002e0            SETRPC_0xf2c3305b CSR[0xf2c]=0x42 @86945ns,1 [trace exec_csr.cpp:154]"
0x800002e4,524288,0.00579294,VBLT,VBLT,0xf4c6c4db,OTHER,"SM 1 warp 2 0x800002e4              VBLT_0xf4c6c4db from VALU, current_mask=FFFFFFFF, branch_mask=FFFFFFFF, stack-size=0 @87015ns,1 [trace exec_simtstk.cpp:53]"
0x800002e8,16384,0.00018103,JAL,JAL,0xf21ff06f,CTRL,"SM 1 warp 3 0x800002e8               JAL_0xf21ff06f JUMP=true, jumpTO 0x80000208 @924725ns,1 [trace exec_salu.cpp:108]"
0x800002ec,4194304,0.04634356,VADD_VX,VADD_VX,0x02b047d7,VALU,"SM 1 warp 3 0x800002ec           VADD_VX_0x02b047d7 mask=FFFFFFFF WB v[015]={00000000 00000000 00000000 00000000 00000000 00000000 00000000 00000000 00000000 00000000 00000000 00000000 00000000 00000000 00000000 00000000 00000000 00000000 00000000 00000000 00000000 00000000 00000000 00000000 00000000 00000000 00000000 00000000 00000000 00000000 00000000 00000000}; s1=0 s2=11 s3=15 @74165ns,1 [trace regfile.cpp:109]"
0x800002f0,4194304,0.04634356,VADD_VV,VADD_VV,0x024685d7,VALU,"SM 1 warp 3 0x800002f0           VADD_VV_0x024685d7 mask=FFFFFFFF WB v[011]={70002900 70002900 70002900 70002900 70002900 70002900 70002900 70002900 70002900 70002900 70002900 70002900 70002900 70002900 70002900 70002900 70002940 70002940 70002940 70002940 70002940 70002940 70002940 70002940 70002940 70002940 70002940 70002940 70002940 70002940 70002940 70002940}; s1=13 s2=4 s3=11 @74205ns,1 [trace regfile.cpp:109]"
0x800002f4,8388608,0.09268712,VLW12_V,VLW12_V,0x0005a5fb,VLSU,"SM 1 warp 3 0x800002f4           VLW12_V_0x0005a5fb mask=FFFFFFFF MEMADDR 70002900 70002900 70002900 70002900 70002900 70002900 70002900 70002900 70002900 70002900 70002900 70002900 70002900 70002900 70002900 70002900 70002940 70002940 70002940 70002940 70002940 70002940 70002940 70002940 70002940 70002940 70002940 70002940 70002940 70002940 70002940 70002940 @74255ns,1 [trace exec_lsu.cpp:189]"
0x800002f8,8388608,0.09268712,VLW12_V,VLW12_V,0x0007287b,VLSU,"SM 1 warp 3 0x800002f8           VLW12_V_0x0007287b mask=FFFFFFFF MEMADDR 70002400 70002404 70002408 7000240c 70002410 70002414 70002418 7000241c 70002420 70002424 70002428 7000242c 70002430 70002434 70002438 7000243c 70002400 70002404 70002408 7000240c 70002410 70002414 70002418 7000241c 70002420 70002424 70002428 7000242c 70002430 70002434 70002438 7000243c @74285ns,1 [trace exec_lsu.cpp:189]"
0x800002fc,4194304,0.04634356,VFMADD_VV,VFMADD_VV,0xa2f815d7,VALU,"SM 1 warp 3 0x800002fc         VFMADD_VV_0xa2f815d7 mask=FFFFFFFF WB v[011]={be09f140 bdfdc68d bde79875 bdd15a7b bdbb0ee5 bda4b7fa bd8e5801 bd6fe281 bd430c01 bd163113 bcd2ac82 bc720065 bb7b327a 3be86065 3c9371f7 3cec9e38 bca538ca bc97fb29 bc8ab2aa bc7ac150 bc600cff bc454b1b bc2a7e5f bc0fa983 bbe99e8b bbb3e4c1 bb7c5630 bb10ee0b ba166fdb 3a8b2a67 3b309a99 3b8db4ae}; s1=16 s2=15 s3=11 @74415ns,1 [trace regfile.cpp:109]"
0x80000300,4194304,0.04634356,VADD_VI,VADD_VI,0x02d236d7,VALU,"SM 1 warp 3 0x80000300           VADD_VI_0x02d236d7 mask=FFFFFFFF WB v[013]={00000004 00000004 00000004 00000004 00000004 00000004 00000004 00000004 00000004 00000004 00000004 00000004 00000004 00000004 00000004 00000004 00000004 00000004 00000004 00000004 00000004 00000004 00000004 00000004 00000004 00000004 00000004 00000004 00000004 00000004 00000004 00000004}; s1=4 s2=13 s3=13 @74445ns,1 [trace regfile.cpp:109]"
0x80000304,4194304,0.04634356,ADDI,ADDI,0x04000293,OTHER,"SM 1 warp 3 0x80000304              ADDI_0x04000293 WB x[005]=0x00000040 @74465ns,1 [trace regfile.cpp:87]"
0x80000308,4194304,0.04634356,VMV_V_X,VMV_V_X,0x5e02c7d7,OTHER,"SM 1 warp 3 0x80000308           VMV_V_X_0x5e02c7d7 mask=FFFFFFFF WB v[015]={00000040 00000040 00000040 00000040 00000040 00000040 00000040 00000040 00000040 00000040 00000040 00000040 00000040 00000040 00000040 00000040 00000040 00000040 00000040 00000040 00000040 00000040 00000040 00000040 00000040 00000040 00000040 00000040 00000040 00000040 00000040 00000040}; s1=5 s2=0 s3=15 @74565ns,1 [trace regfile.cpp:109]"
0x8000030c,4194304,0.04634356,VADD12_VI,VADD12_VI,0x0407070b,VALU,"SM 1 warp 2 0x8000030c         VADD12_VI_0x0407070b mask=FFFFFFFF WB v[014]={70002440 70002444 70002448 7000244c 70002450 70002454 70002458 7000245c 70002460 70002464 70002468 7000246c 70002470 70002474 70002478 7000247c 70002440 70002444 70002448 7000244c 70002450 70002454 70002458 7000245c 70002460 70002464 70002468 7000246c 70002470 70002474 70002478 7000247c}; s1=14 s2=0 s3=14 @74625ns,1 [trace regfile.cpp:109]"
0x80000310,4194304,0.04634356,AUIPC,AUIPC,0x00000317,OTHER,"SM 1 warp 3 0x80000310             AUIPC_0x00000317 WB x[006]=0x80000310 @74625ns,1 [trace regfile.cpp:87]"
0x80000314,8388608,0.09268712,SETRPC,SETRPC,0xfbc3305b,CSR,"SM 1 warp 2 0x80000314            SETRPC_0xfbc3305b CSR[0xfbc]=0x96a13557 @74685ns,1 [trace exec_csr.cpp:154]"
0x80000318,8388608,0.09268712,VBEQ,VBEQ,0xfad78adb,BR,"SM 1 warp 3 0x80000318              VBEQ_0xfad78adb from VALU, current_mask=FFFFFFFF, branch_mask=0, stack-size=0 @74765ns,1 [trace exec_simtstk.cpp:53]"
0x8000031c,7864320,0.08689417,JAL,JAL,0xfd1ff06f,CTRL,"SM 1 warp 2 0x8000031c               JAL_0xfd1ff06f JUMP=true, jumpTO 0x800002ec @74815ns,1 [trace exec_salu.cpp:108]"
0x80000320,8192,0.00009051,VADD_VV,VADD_VV,0x02a40557,VALU,"SM 1 warp 0 0x80000320           VADD_VV_0x02a40557 mask=FFFFFFFF WB v[010]={00001c00 00001c01 00001c02 00001c03 00001c04 00001c05 00001c06 00001c07 00001c08 00001c09 00001c0a 00001c0b 00001c0c 00001c0d 00001c0e 00001c0f 00001e00 00001e01 00001e02 00001e03 00001e04 00001e05 00001e06 00001e07 00001e08 00001e09 00001e0a 00001e0b 00001e0c 00001e0d 00001e0e 00001e0f}; s1=8 s2=10 s3=10 @925375ns,1 [trace regfile.cpp:109]"
0x80000324,8192,0.00009051,VSLL_VI,VSLL_VI,0x96a13557,VALU,"SM 1 warp 3 0x80000324           VSLL_VI_0x96a13557 mask=FFFFFFFF WB v[010]={00002000 00002004 00002008 0000200c 00002010 00002014 00002018 0000201c 00002020 00002024 00002028 0000202c 00002030 00002034 00002038 0000203c 00002800 00002804 00002808 0000280c 00002810 00002814 00002818 0000281c 00002820 00002824 00002828 0000282c 00002830 00002834 00002838 0000283c}; s1=2 s2=10 s3=10 @925465ns,1 [trace regfile.cpp:109]"
0x80000328,8192,0.00009051,VADD_VX,VADD_VX,0x02a5c557,VALU,"SM 1 warp 3 0x80000328           VADD_VX_0x02a5c557 mask=FFFFFFFF WB v[010]={90202000 90202004 90202008 9020200c 90202010 90202014 90202018 9020201c 90202020 90202024 90202028 9020202c 90202030 90202034 90202038 9020203c 90202800 90202804 90202808 9020280c 90202810 90202814 90202818 9020281c 90202820 90202824 90202828 9020282c 90202830 90202834 90202838 9020283c}; s1=11 s2=10 s3=10 @925545ns,1 [trace regfile.cpp:109]"
0x8000032c,8192,0.00009051,VSW12_V,VSW12_V,0x00b5607b,VLSU,"SM 1 warp 3 0x8000032c           VSW12_V_0x00b5607b mask=FFFFFFFF ADDR 90202000 90202004 90202008 9020200c 90202010 90202014 90202018 9020201c 90202020 90202024 90202028 9020202c 90202030 90202034 90202038 9020203c 90202800 90202804 90202808 9020280c 90202810 90202814 90202818 9020281c 90202820 90202824 90202828 9020282c 90202830 90202834 90202838 9020283c, DATA be637ce0 be5cce3e be564f78 be4fd9d5 be48e536 be4209a2 be3b662c be349212 be2d620c be26760f be1f5d8f be184360 be10eab7 be09ca0e be0298d4 bdf5fdfc 3e88688c 3e86f700 3e858226 3e846a8b 3e8302ff 3e815d5b 3e7fc38c 3e7d4ad0 3e7998e0 3e764896 3e72e0c8 3e6fcafc 3e6bfdd4 3e6836dc 3e652dc2 3e60dd58 @925585ns,1 [trace exec_lsu.cpp:183]"
0x80000330,8192,0.00009051,JOIN,JOIN,0x0000205b,CTRL,"SM 1 warp 0 0x80000330              JOIN_0x0000205b SIMTSTK receive join, stack-size=0 @925615ns,1 [trace exec_simtstk.cpp:154]"
0x80000334,8192,0.00009051,VADD12_VI,VADD12_VI,0x0104848b,VALU,"SM 1 warp 3 0x80000334         VADD12_VI_0x0104848b mask=FFFFFFFF WB v[009]={00000010 00000010 00000010 00000010 00000010 00000010 00000010 00000010 00000010 00000010 00000010 00000010 00000010 00000010 00000010 00000010 00000010 00000010 00000010 00000010 00000010 00000010 00000010 00000010 00000010 00000010 00000010 00000010 00000010 00000010 00000010 00000010}; s1=9 s2=16 s3=9 @925705ns,1 [trace regfile.cpp:109]"
0x80000338,8192,0.00009051,VMV_V_X,VMV_V_X,0x5e04c557,OTHER,"SM 1 warp 0 0x80000338           VMV_V_X_0x5e04c557 mask=FFFFFFFF WB v[010]={00000200 00000200 00000200 00000200 00000200 00000200 00000200 00000200 00000200 00000200 00000200 00000200 00000200 00000200 00000200 00000200 00000200 00000200 00000200 00000200 00000200 00000200 00000200 00000200 00000200 00000200 00000200 00000200 00000200 00000200 00000200 00000200}; s1=9 s2=0 s3=10 @925775ns,1 [trace regfile.cpp:109]"
0x8000033c,8192,0.00009051,AUIPC,AUIPC,0x00000317,OTHER,"SM 1 warp 0 0x8000033c             AUIPC_0x00000317 WB x[006]=0x8000033c @925785ns,1 [trace regfile.cpp:87]"
0x80000340,16384,0.00018103,SETRPC,SETRPC,0xe843305b,CSR,"SM 1 warp 0 0x80000340            SETRPC_0xe843305b CSR[0xe84]=0xc0432110 @925825ns,1 [trace exec_csr.cpp:154]"
0x80000344,16384,0.00018103,VBLT,VBLT,0xe8954cdb,OTHER,"SM 1 warp 0 0x80000344              VBLT_0xe8954cdb from VALU, current_mask=FFFFFFFF, branch_mask=FFFFFFFF, stack-size=0 @925905ns,1 [trace exec_simtstk.cpp:53]"
0x80000348,512,0.00000566,JAL,JAL,0xe79ff06f,CTRL,"SM 1 warp 0 0x80000348               JAL_0xe79ff06f JUMP=true, jumpTO 0x800001c0 @28280855ns,1 [trace exec_salu.cpp:108]"
0x8000034c,16,0.00000018,ADDI,ADDI,0x00410113,OTHER,"SM 1 warp 2 0x8000034c              ADDI_0x00410113 WB x[002]=0x70000420 @30935ns,1 [trace regfile.cpp:87]"
0x80000350,16,0.00000018,SW,SW,0xfe112e23,LSU,"SM 1 warp 2 0x80000350                SW_0xfe112e23 mask=FFFFFFFF ADDR 7000041c, DATA 8000010c @30975ns,1 [trace exec_lsu.cpp:183]"
0x80000354,16,0.00000018,VADD_VX,VADD_VX,0x020040d7,VALU,"SM 1 warp 2 0x80000354           VADD_VX_0x020040d7 mask=FFFFFFFF WB v[001]={00000000 00000000 00000000 00000000 00000000 00000000 00000000 00000000 00000000 00000000 00000000 00000000 00000000 00000000 00000000 00000000 00000000 00000000 00000000 00000000 00000000 00000000 00000000 00000000 00000000 00000000 00000000 00000000 00000000 00000000 00000000 00000000}; s1=0 s2=0 s3=1 @31065ns,1 [trace regfile.cpp:109]"
0x80000358,16,0.00000018,ADDI,ADDI,0x00200293,OTHER,"SM 1 warp 2 0x80000358              ADDI_0x00200293 WB x[005]=0x00000002 @31085ns,1 [trace regfile.cpp:87]"
0x8000035c,16,0.00000018,VMV_V_X,VMV_V_X,0x5e02c057,OTHER,"SM 1 warp 2 0x8000035c           VMV_V_X_0x5e02c057 mask=FFFFFFFF WB v[000]={00000002 00000002 00000002 00000002 00000002 00000002 00000002 00000002 00000002 00000002 00000002 00000002 00000002 00000002 00000002 00000002 00000002 00000002 00000002 00000002 00000002 00000002 00000002 00000002 00000002 00000002 00000002 00000002 00000002 00000002 00000002 00000002}; s1=5 s2=0 s3=0 @31175ns,1 [trace regfile.cpp:109]"
0x80000360,16,0.00000018,AUIPC,AUIPC,0x00000317,OTHER,"SM 1 warp 2 0x80000360             AUIPC_0x00000317 WB x[006]=0x80000360 @31165ns,1 [trace regfile.cpp:87]"
0x80000364,32,0.00000035,SETRPC,SETRPC,0x0543305b,CSR,"SM 1 warp 2 0x80000364            SETRPC_0x0543305b CSR[0x54]=0x0 @31205ns,1 [trace exec_csr.cpp:154]"
0x80000368,32,0.00000035,VBEQ,VBEQ,0x0410045b,BR,"SM 1 warp 2 0x80000368              VBEQ_0x0410045b from VALU, current_mask=FFFFFFFF, branch_mask=0, stack-size=0 @31285ns,1 [trace exec_simtstk.cpp:53]"
0x8000036c,32,0.00000035,JAL,JAL,0x0040006f,CTRL,"SM 1 warp 2 0x8000036c               JAL_0x0040006f JUMP=true, jumpTO 0x80000370 @31325ns,1 [trace exec_salu.cpp:108]"
0x80000370,16,0.00000018,ADDI,ADDI,0x00100293,OTHER,"SM 1 warp 2 0x80000370              ADDI_0x00100293 WB x[005]=0x00000001 @31425ns,1 [trace regfile.cpp:87]"
0x80000374,16,0.00000018,VMV_V_X,VMV_V_X,0x5e02c057,OTHER,"SM 1 warp 2 0x80000374           VMV_V_X_0x5e02c057 mask=FFFFFFFF WB v[000]={00000001 00000001 00000001 00000001 00000001 00000001 00000001 00000001 00000001 00000001 00000001 00000001 00000001 00000001 00000001 00000001 00000001 00000001 00000001 00000001 00000001 00000001 00000001 00000001 00000001 00000001 00000001 00000001 00000001 00000001 00000001 00000001}; s1=5 s2=0 s3=0 @31505ns,1 [trace regfile.cpp:109]"
0x80000378,16,0.00000018,AUIPC,AUIPC,0x00000317,OTHER,"SM 1 warp 2 0x80000378             AUIPC_0x00000317 WB x[006]=0x80000378 @31515ns,1 [trace regfile.cpp:87]"
0x8000037c,32,0.00000035,SETRPC,SETRPC,0x03c3305b,CSR,"SM 1 warp 2 0x8000037c            SETRPC_0x03c3305b CSR[0x3c]=0x0 @31555ns,1 [trace exec_csr.cpp:154]"
0x80000380,32,0.00000035,VBEQ,VBEQ,0x0210045b,BR,"SM 1 warp 2 0x80000380              VBEQ_0x0210045b from VALU, current_mask=FFFFFFFF, branch_mask=0, stack-size=0 @31645ns,1 [trace exec_simtstk.cpp:53]"
0x80000384,16,0.00000018,JAL,JAL,0x0040006f,CTRL,"SM 1 warp 2 0x80000384               JAL_0x0040006f JUMP=true, jumpTO 0x80000388 @31685ns,1 [trace exec_salu.cpp:108]"
0x80000388,8,0.00000009,VMV_V_X,VMV_V_X,0x5e004157,OTHER,"SM 1 warp 2 0x80000388           VMV_V_X_0x5e004157 mask=FFFFFFFF WB v[002]={00000000 00000000 00000000 00000000 00000000 00000000 00000000 00000000 00000000 00000000 00000000 00000000 00000000 00000000 00000000 00000000 00000000 00000000 00000000 00000000 00000000 00000000 00000000 00000000 00000000 00000000 00000000 00000000 00000000 00000000 00000000 00000000}; s1=0 s2=0 s3=2 @31795ns,1 [trace regfile.cpp:109]"
0x8000038c,8,0.00000009,VMV_V_X,VMV_V_X,0x5e004057,OTHER,"SM 1 warp 2 0x8000038c           VMV_V_X_0x5e004057 mask=FFFFFFFF WB v[000]={00000000 00000000 00000000 00000000 00000000 00000000 00000000 00000000 00000000 00000000 00000000 00000000 00000000 00000000 00000000 00000000 00000000 00000000 00000000 00000000 00000000 00000000 00000000 00000000 00000000 00000000 00000000 00000000 00000000 00000000 00000000 00000000}; s1=0 s2=0 s3=0 @31835ns,1 [trace regfile.cpp:109]"
0x80000390,8,0.00000009,AUIPC,AUIPC,0x00000317,OTHER,"SM 1 warp 2 0x80000390             AUIPC_0x00000317 WB x[006]=0x80000390 @31845ns,1 [trace regfile.cpp:87]"
0x80000394,16,0.00000018,SETRPC,SETRPC,0x0243305b,CSR,"SM 1 warp 2 0x80000394            SETRPC_0x0243305b CSR[0x24]=0x0 @31895ns,1 [trace exec_csr.cpp:154]"
0x80000398,16,0.00000018,VBNE,VBNE,0x00111e5b,OTHER,"SM 1 warp 2 0x80000398              VBNE_0x00111e5b from VALU, current_mask=FFFFFFFF, branch_mask=0, stack-size=0 @31975ns,1 [trace exec_simtstk.cpp:53]"
0x8000039c,16,0.00000018,JAL,JAL,0x0040006f,CTRL,"SM 1 warp 2 0x8000039c               JAL_0x0040006f JUMP=true, jumpTO 0x800003a0 @32015ns,1 [trace exec_salu.cpp:108]"
0x800003a0,16,0.00000018,JAL,JAL,0x024000ef,CTRL,"SM 1 warp 2 0x800003a0               JAL_0x024000ef JUMP=true, jumpTO 0x800003c4 @32085ns,1 [trace exec_salu.cpp:108]"
0x800003a4,16,0.00000018,JAL,JAL,0x0100006f,CTRL,"SM 1 warp 3 0x800003a4               JAL_0x0100006f JUMP=true, jumpTO 0x800003b4 @34465ns,1 [trace exec_salu.cpp:108]"
0x800003a8,16,0.00000018,JAL,JAL,0x04c000ef,CTRL,"SM 1 warp 3 0x800003a8               JAL_0x04c000ef JUMP=true, jumpTO 0x800003f4 @35785ns,1 [trace exec_salu.cpp:108]"
0x800003ac,16,0.00000018,JAL,JAL,0x0080006f,CTRL,"SM 1 warp 3 0x800003ac               JAL_0x0080006f JUMP=true, jumpTO 0x800003b4 @47715ns,1 [trace exec_salu.cpp:108]"
0x800003b4,16,0.00000018,JOIN,JOIN,0x0000205b,CTRL,"SM 1 warp 3 0x800003b4              JOIN_0x0000205b SIMTSTK receive join, stack-size=0 @34515ns,1 [trace exec_simtstk.cpp:154]"
0x800003b8,32,0.00000035,LW,LW,0xffc12083,LSU,"SM 1 warp 2 0x800003b8                LW_0xffc12083 mask=FFFFFFFF MEMADDR 7000041c @34575ns,1 [trace exec_lsu.cpp:189]"
0x800003bc,16,0.00000018,ADDI,ADDI,0xffc10113,OTHER,"SM 1 warp 2 0x800003bc              ADDI_0xffc10113 WB x[002]=0x7000041c @34635ns,1 [trace regfile.cpp:87]"
0x800003c0,32,0.00000035,JALR,JALR,0x00008067,CTRL,"SM 1 warp 2 0x800003c0              JALR_0x00008067 JUMP=true, jumpTO 0x8000010c @34665ns,1 [trace exec_salu.cpp:121]"
0x800003c4,8,0.00000009,ADDI,ADDI,0x00410113,OTHER,"SM 1 warp 2 0x800003c4              ADDI_0x00410113 WB x[002]=0x70000424 @32175ns,1 [trace regfile.cpp:87]"
0x800003c8,8,0.00000009,SW,SW,0xfe112e23,LSU,"SM 1 warp 2 0x800003c8                SW_0xfe112e23 mask=FFFFFFFF ADDR 70000420, DATA 800003a4 @32215ns,1 [trace exec_lsu.cpp:183]"
0x800003cc,16,0.00000018,CSRRS,CSRRS,0x80302573,CSR,"SM 1 warp 2 0x800003cc             CSRRS_0x80302573 CSR[0x803]=0x90401000 @32265ns,1 [trace exec_csr.cpp:93]"
0x800003d0,16,0.00000018,LW,LW,0x00852283,LSU,"SM 1 warp 2 0x800003d0                LW_0x00852283 mask=FFFFFFFF MEMADDR 90401008 @32325ns,1 [trace exec_lsu.cpp:189]"
0x800003d4,16,0.00000018,CSRRS,CSRRS,0x80002373,CSR,"SM 1 warp 2 0x800003d4             CSRRS_0x80002373 CSR[0x800]=0x20 @32365ns,1 [trace exec_csr.cpp:93]"
0x800003d8,8,0.00000009,VID_V,VID_V,0x5208a157,OTHER,"SM 1 warp 2 0x800003d8             VID_V_0x5208a157 mask=FFFFFFFF WB v[002]={00000000 00000001 00000002 00000003 00000004 00000005 00000006 00000007 00000008 00000009 0000000a 0000000b 0000000c 0000000d 0000000e 0000000f 00000010 00000011 00000012 00000013 00000014 00000015 00000016 00000017 00000018 00000019 0000001a 0000001b 0000001c 0000001d 0000001e 0000001f}; s1=17 s2=0 s3=2 @32425ns,1 [trace regfile.cpp:109]"
0x800003dc,8,0.00000009,VADD_VX,VADD_VX,0x02234057,VALU,"SM 1 warp 2 0x800003dc           VADD_VX_0x02234057 mask=FFFFFFFF WB v[000]={00000020 00000021 00000022 00000023 00000024 00000025 00000026 00000027 00000028 00000029 0000002a 0000002b 0000002c 0000002d 0000002e 0000002f 00000030 00000031 00000032 00000033 00000034 00000035 00000036 00000037 00000038 00000039 0000003a 0000003b 0000003c 0000003d 0000003e 0000003f}; s1=6 s2=2 s3=0 @32535ns,1 [trace regfile.cpp:109]"
0x800003e0,16,0.00000018,LW,LW,0x01852e03,LSU,"SM 1 warp 2 0x800003e0                LW_0x01852e03 mask=FFFFFFFF MEMADDR 90401018 @32535ns,1 [trace exec_lsu.cpp:189]"
0x800003e4,8,0.00000009,VREMU_VX,VREMU_VX,0x8a0e6057,OTHER,"SM 1 warp 2 0x800003e4          VREMU_VX_0x8a0e6057 mask=FFFFFFFF WB v[000]={00000000 00000001 00000002 00000003 00000004 00000005 00000006 00000007 00000008 00000009 0000000a 0000000b 0000000c 0000000d 0000000e 0000000f 00000000 00000001 00000002 00000003 00000004 00000005 00000006 00000007 00000008 00000009 0000000a 0000000b 0000000c 0000000d 0000000e 0000000f}; s1=28 s2=0 s3=0 @33885ns,1 [trace regfile.cpp:109]"
0x800003e8,16,0.00000018,LW,LW,0xffc12083,LSU,"SM 1 warp 3 0x800003e8                LW_0xffc12083 mask=FFFFFFFF MEMADDR 70000820 @34305ns,1 [trace exec_lsu.cpp:189]"
0x800003ec,8,0.00000009,ADDI,ADDI,0xffc10113,OTHER,"SM 1 warp 3 0x800003ec              ADDI_0xffc10113 WB x[002]=0x70000820 @34375ns,1 [trace regfile.cpp:87]"
0x800003f0,16,0.00000018,JALR,JALR,0x00008067,CTRL,"SM 1 warp 3 0x800003f0              JALR_0x00008067 JUMP=true, jumpTO 0x800003a4 @34405ns,1 [trace exec_salu.cpp:121]"
0x800003f4,8,0.00000009,ADDI,ADDI,0x00410113,OTHER,"SM 1 warp 3 0x800003f4              ADDI_0x00410113 WB x[002]=0x70000824 @35905ns,1 [trace regfile.cpp:87]"
0x800003f8,8,0.00000009,SW,SW,0xfe112e23,LSU,"SM 1 warp 3 0x800003f8                SW_0xfe112e23 mask=FFFFFFFF ADDR 70000820, DATA 800003ac @35945ns,1 [trace exec_lsu.cpp:183]"
0x800003fc,16,0.00000018,CSRRS,CSRRS,0x80302573,CSR,"SM 1 warp 3 0x800003fc             CSRRS_0x80302573 CSR[0x803]=0x90401000 @35985ns,1 [trace exec_csr.cpp:93]"
0x80000400,16,0.00000018,LW,LW,0x00852283,LSU,"SM 1 warp 3 0x80000400                LW_0x00852283 mask=FFFFFFFF MEMADDR 90401008 @36045ns,1 [trace exec_lsu.cpp:189]"
0x80000404,16,0.00000018,CSRRS,CSRRS,0x80002373,CSR,"SM 1 warp 3 0x80000404             CSRRS_0x80002373 CSR[0x800]=0x40 @36085ns,1 [trace exec_csr.cpp:93]"
0x80000408,8,0.00000009,VID_V,VID_V,0x5208a157,OTHER,"SM 1 warp 3 0x80000408             VID_V_0x5208a157 mask=FFFFFFFF WB v[002]={00000000 00000001 00000002 00000003 00000004 00000005 00000006 00000007 00000008 00000009 0000000a 0000000b 0000000c 0000000d 0000000e 0000000f 00000010 00000011 00000012 00000013 00000014 00000015 00000016 00000017 00000018 00000019 0000001a 0000001b 0000001c 0000001d 0000001e 0000001f}; s1=17 s2=0 s3=2 @36155ns,1 [trace regfile.cpp:109]"
0x8000040c,8,0.00000009,VADD_VX,VADD_VX,0x02234057,VALU,"SM 1 warp 3 0x8000040c           VADD_VX_0x02234057 mask=FFFFFFFF WB v[000]={00000040 00000041 00000042 00000043 00000044 00000045 00000046 00000047 00000048 00000049 0000004a 0000004b 0000004c 0000004d 0000004e 0000004f 00000050 00000051 00000052 00000053 00000054 00000055 00000056 00000057 00000058 00000059 0000005a 0000005b 0000005c 0000005d 0000005e 0000005f}; s1=6 s2=2 s3=0 @36245ns,1 [trace regfile.cpp:109]"
0x80000410,16,0.00000018,LW,LW,0x01852e03,LSU,"SM 1 warp 3 0x80000410                LW_0x01852e03 mask=FFFFFFFF MEMADDR 90401018 @36245ns,1 [trace exec_lsu.cpp:189]"
0x80000414,16,0.00000018,LW,LW,0x01c52e83,LSU,"SM 1 warp 3 0x80000414                LW_0x01c52e83 mask=FFFFFFFF MEMADDR 9040101c @36305ns,1 [trace exec_lsu.cpp:189]"
0x80000418,8,0.00000009,MUL,MUL,0x03ce8f33,OTHER,"SM 1 warp 3 0x80000418               MUL_0x03ce8f33 WB x[030]=0x00000100 @46205ns,1 [trace regfile.cpp:87]"
0x8000041c,8,0.00000009,VREMU_VX,VREMU_VX,0x8a0f6057,OTHER,"SM 1 warp 3 0x8000041c          VREMU_VX_0x8a0f6057 mask=FFFFFFFF WB v[000]={00000040 00000041 00000042 00000043 00000044 00000045 00000046 00000047 00000048 00000049 0000004a 0000004b 0000004c 0000004d 0000004e 0000004f 00000050 00000051 00000052 00000053 00000054 00000055 00000056 00000057 00000058 00000059 0000005a 0000005b 0000005c 0000005d 0000005e 0000005f}; s1=30 s2=0 s3=0 @46285ns,1 [trace regfile.cpp:109]"
0x80000420,8,0.00000009,VDIVU_VX,VDIVU_VX,0x820e6057,OTHER,"SM 1 warp 3 0x80000420          VDIVU_VX_0x820e6057 mask=FFFFFFFF WB v[000]={00000004 00000004 00000004 00000004 00000004 00000004 00000004 00000004 00000004 00000004 00000004 00000004 00000004 00000004 00000004 00000004 00000005 00000005 00000005 00000005 00000005 00000005 00000005 00000005 00000005 00000005 00000005 00000005 00000005 00000005 00000005 00000005}; s1=28 s2=0 s3=0 @46375ns,1 [trace regfile.cpp:109]"
0x80000424,8,0.00000009,VMV_V_X,VMV_V_X,0x5e0ec0d7,OTHER,"SM 1 warp 3 0x80000424           VMV_V_X_0x5e0ec0d7 mask=FFFFFFFF WB v[001]={00000010 00000010 00000010 00000010 00000010 00000010 00000010 00000010 00000010 00000010 00000010 00000010 00000010 00000010 00000010 00000010 00000010 00000010 00000010 00000010 00000010 00000010 00000010 00000010 00000010 00000010 00000010 00000010 00000010 00000010 00000010 00000010}; s1=29 s2=0 s3=1 @46425ns,1 [trace regfile.cpp:109]"
0x80000428,8,0.00000009,AUIPC,AUIPC,0x00000317,OTHER,"SM 1 warp 3 0x80000428             AUIPC_0x00000317 WB x[006]=0x80000428 @46415ns,1 [trace regfile.cpp:87]"
0x8000042c,16,0.00000018,SETRPC,SETRPC,0x0143305b,CSR,"SM 1 warp 3 0x8000042c            SETRPC_0x0143305b CSR[0x14]=0x0 @46455ns,1 [trace exec_csr.cpp:154]"
0x80000430,16,0.00000018,VBLT,VBLT,0x0000c65b,OTHER,"SM 1 warp 3 0x80000430              VBLT_0x0000c65b from VALU, current_mask=FFFFFFFF, branch_mask=FFFFFFFF, stack-size=0 @46535ns,1 [trace exec_simtstk.cpp:53]"
0x8000043c,8,0.00000009,JOIN,JOIN,0x0000205b,CTRL,"SM 1 warp 3 0x8000043c              JOIN_0x0000205b SIMTSTK receive join, stack-size=0 @46585ns,1 [trace exec_simtstk.cpp:154]"
0x80000440,16,0.00000018,LW,LW,0xffc12083,LSU,"SM 1 warp 3 0x80000440                LW_0xffc12083 mask=FFFFFFFF MEMADDR 70000820 @47535ns,1 [trace exec_lsu.cpp:189]"
0x80000444,8,0.00000009,ADDI,ADDI,0xffc10113,OTHER,"SM 1 warp 3 0x80000444              ADDI_0xffc10113 WB x[002]=0x70000820 @47605ns,1 [trace regfile.cpp:87]"
0x80000448,16,0.00000018,JALR,JALR,0x00008067,CTRL,"SM 1 warp 3 0x80000448              JALR_0x00008067 JUMP=true, jumpTO 0x800003ac @47655ns,1 [trace exec_salu.cpp:121]"
