warp,time_ns,pc,inst,prev_pc,prev_inst,next_pc,next_inst,next_time_ns
3,50655,0x800001b4,REGEXT_0x0010200b,0x80000184,BGE_0x02905e63,0x80000188,JAL_0x0040006f,50675
3,50795,0x800001b4,REGEXT_0x0010200b,0x8000018c,VADD_VV_0x02500357,0x800001b8,VMV_V_X_0x5e024057,50805
2,51055,0x800001b4,REGEXT_0x0010200b,0x80000184,BGE_0x02905e63,0x80000188,JAL_0x0040006f,51075
2,51195,0x800001b4,REGEXT_0x0010200b,0x8000018c,VADD_VV_0x02500357,0x800001b8,VMV_V_X_0x5e024057,51205
7,52685,0x800001b4,REGEXT_0x0010200b,0x80000184,BGE_0x02905e63,0x80000188,JAL_0x0040006f,52705
7,52825,0x800001b4,REGEXT_0x0010200b,0x8000018c,VADD_VV_0x02500357,0x800001b8,VMV_V_X_0x5e024057,52835
4,54955,0x800001b4,REGEXT_0x0010200b,0x80000184,BGE_0x02905e63,0x80000188,JAL_0x0040006f,54975
4,55095,0x800001b4,REGEXT_0x0010200b,0x8000018c,VADD_VV_0x02500357,0x800001b8,VMV_V_X_0x5e024057,55105
5,55995,0x800001b4,REGEXT_0x0010200b,0x80000184,BGE_0x02905e63,0x80000188,JAL_0x0040006f,56015
5,56135,0x800001b4,REGEXT_0x0010200b,0x8000018c,VADD_VV_0x02500357,0x800001b8,VMV_V_X_0x5e024057,56145
1,57475,0x800001b4,REGEXT_0x0010200b,0x80000184,BGE_0x02905e63,0x80000188,JAL_0x0040006f,57495
1,57615,0x800001b4,REGEXT_0x0010200b,0x8000018c,VADD_VV_0x02500357,0x800001b8,VMV_V_X_0x5e024057,57625
6,58435,0x800001b4,REGEXT_0x0010200b,0x80000184,BGE_0x02905e63,0x80000188,JAL_0x0040006f,58465
6,58585,0x800001b4,REGEXT_0x0010200b,0x8000018c,VADD_VV_0x02500357,0x800001b8,VMV_V_X_0x5e024057,58595
0,59485,0x800001b4,REGEXT_0x0010200b,0x80000184,BGE_0x02905e63,0x80000188,JAL_0x0040006f,59505
0,59625,0x800001b4,REGEXT_0x0010200b,0x8000018c,VADD_VV_0x02500357,0x800001b8,VMV_V_X_0x5e024057,59635
6,28281405,0x800001b4,REGEXT_0x0010200b,0x80000188,JAL_0x0040006f,0x80000188,JAL_0x0040006f,28281415
3,28281415,0x800001b4,REGEXT_0x0010200b,0x80000188,JAL_0x0040006f,0x80000188,JAL_0x0040006f,28281425
0,28281415,0x800001b4,REGEXT_0x0010200b,0x8000018c,VADD_VV_0x02500357,0x800001b8,VMV_V_X_0x5e024057,28281425
1,28281395,0x800001b4,REGEXT_0x0010200b,0x80000184,BGE_0x02905e63,0x80000188,JAL_0x0040006f,28281435
4,28281435,0x800001b4,REGEXT_0x0010200b,0x8000018c,VADD_VV_0x02500357,0x800001b8,VMV_V_X_0x5e024057,28281445
5,28281435,0x800001b4,REGEXT_0x0010200b,0x80000184,BGE_0x02905e63,0x80000188,JAL_0x0040006f,28281455
7,28281445,0x800001b4,REGEXT_0x0010200b,0x8000018c,VADD_VV_0x02500357,0x800001b8,VMV_V_X_0x5e024057,28281455
6,28281525,0x800001b4,REGEXT_0x0010200b,0x8000018c,VADD_VV_0x02500357,0x800001b8,VMV_V_X_0x5e024057,28281535
3,28281535,0x800001b4,REGEXT_0x0010200b,0x8000018c,VADD_VV_0x02500357,0x800001b8,VMV_V_X_0x5e024057,28281545
2,28281545,0x800001b4,REGEXT_0x0010200b,0x8000018c,VADD_VV_0x02500357,0x800001b8,VMV_V_X_0x5e024057,28281555
1,28281555,0x800001b4,REGEXT_0x0010200b,0x8000018c,VADD_VV_0x02500357,0x800001b8,VMV_V_X_0x5e024057,28281565
5,28281575,0x800001b4,REGEXT_0x0010200b,0x8000018c,VADD_VV_0x02500357,0x800001b8,VMV_V_X_0x5e024057,28281585
6,54991275,0x800001b4,REGEXT_0x0010200b,0x80000188,JAL_0x0040006f,0x80000188,JAL_0x0040006f,54991285
5,54991285,0x800001b4,REGEXT_0x0010200b,0x80000188,JAL_0x0040006f,0x80000188,JAL_0x0040006f,54991295
0,54991285,0x800001b4,REGEXT_0x0010200b,0x8000018c,VADD_VV_0x02500357,0x800001b8,VMV_V_X_0x5e024057,54991295
3,54991265,0x800001b4,REGEXT_0x0010200b,0x80000184,BGE_0x02905e63,0x80000188,JAL_0x0040006f,54991305
4,54991305,0x800001b4,REGEXT_0x0010200b,0x8000018c,VADD_VV_0x02500357,0x800001b8,VMV_V_X_0x5e024057,54991315
7,54991305,0x800001b4,REGEXT_0x0010200b,0x80000184,BGE_0x02905e63,0x80000188,JAL_0x0040006f,54991325
1,54991315,0x800001b4,REGEXT_0x0010200b,0x8000018c,VADD_VV_0x02500357,0x800001b8,VMV_V_X_0x5e024057,54991325
6,54991395,0x800001b4,REGEXT_0x0010200b,0x8000018c,VADD_VV_0x02500357,0x800001b8,VMV_V_X_0x5e024057,54991405
5,54991405,0x800001b4,REGEXT_0x0010200b,0x8000018c,VADD_VV_0x02500357,0x800001b8,VMV_V_X_0x5e024057,54991415
2,54991415,0x800001b4,REGEXT_0x0010200b,0x8000018c,VADD_VV_0x02500357,0x800001b8,VMV_V_X_0x5e024057,54991425
3,54991425,0x800001b4,REGEXT_0x0010200b,0x8000018c,VADD_VV_0x02500357,0x800001b8,VMV_V_X_0x5e024057,54991435
7,54991445,0x800001b4,REGEXT_0x0010200b,0x8000018c,VADD_VV_0x02500357,0x800001b8,VMV_V_X_0x5e024057,54991455
6,81936885,0x800001b4,REGEXT_0x0010200b,0x80000188,JAL_0x0040006f,0x80000188,JAL_0x0040006f,81936895
5,81936895,0x800001b4,REGEXT_0x0010200b,0x80000188,JAL_0x0040006f,0x80000188,JAL_0x0040006f,81936905
0,81936895,0x800001b4,REGEXT_0x0010200b,0x8000018c,VADD_VV_0x02500357,0x800001b8,VMV_V_X_0x5e024057,81936905
3,81936875,0x800001b4,REGEXT_0x0010200b,0x80000184,BGE_0x02905e63,0x80000188,JAL_0x0040006f,81936915
4,81936915,0x800001b4,REGEXT_0x0010200b,0x8000018c,VADD_VV_0x02500357,0x800001b8,VMV_V_X_0x5e024057,81936925
7,81936915,0x800001b4,REGEXT_0x0010200b,0x80000184,BGE_0x02905e63,0x80000188,JAL_0x0040006f,81936935
1,81936925,0x800001b4,REGEXT_0x0010200b,0x8000018c,VADD_VV_0x02500357,0x800001b8,VMV_V_X_0x5e024057,81936935
6,81937005,0x800001b4,REGEXT_0x0010200b,0x8000018c,VADD_VV_0x02500357,0x800001b8,VMV_V_X_0x5e024057,81937015
5,81937015,0x800001b4,REGEXT_0x0010200b,0x8000018c,VADD_VV_0x02500357,0x800001b8,VMV_V_X_0x5e024057,81937025
2,81937025,0x800001b4,REGEXT_0x0010200b,0x8000018c,VADD_VV_0x02500357,0x800001b8,VMV_V_X_0x5e024057,81937035
3,81937035,0x800001b4,REGEXT_0x0010200b,0x8000018c,VADD_VV_0x02500357,0x800001b8,VMV_V_X_0x5e024057,81937045
7,81937055,0x800001b4,REGEXT_0x0010200b,0x8000018c,VADD_VV_0x02500357,0x800001b8,VMV_V_X_0x5e024057,81937065
5,108878385,0x800001b4,REGEXT_0x0010200b,0x80000188,JAL_0x0040006f,0x80000188,JAL_0x0040006f,108878395
6,108878395,0x800001b4,REGEXT_0x0010200b,0x80000188,JAL_0x0040006f,0x80000188,JAL_0x0040006f,108878405
7,108878395,0x800001b4,REGEXT_0x0010200b,0x8000018c,VADD_VV_0x02500357,0x800001b8,VMV_V_X_0x5e024057,108878405
4,108878375,0x800001b4,REGEXT_0x0010200b,0x80000184,BGE_0x02905e63,0x80000188,JAL_0x0040006f,108878415
3,108878415,0x800001b4,REGEXT_0x0010200b,0x8000018c,VADD_VV_0x02500357,0x800001b8,VMV_V_X_0x5e024057,108878425
0,108878415,0x800001b4,REGEXT_0x0010200b,0x80000184,BGE_0x02905e63,0x80000188,JAL_0x0040006f,108878435
2,108878425,0x800001b4,REGEXT_0x0010200b,0x8000018c,VADD_VV_0x02500357,0x800001b8,VMV_V_X_0x5e024057,108878435
5,108878505,0x800001b4,REGEXT_0x0010200b,0x8000018c,VADD_VV_0x02500357,0x800001b8,VMV_V_X_0x5e024057,108878515
6,108878515,0x800001b4,REGEXT_0x0010200b,0x8000018c,VADD_VV_0x02500357,0x800001b8,VMV_V_X_0x5e024057,108878525
1,108878525,0x800001b4,REGEXT_0x0010200b,0x8000018c,VADD_VV_0x02500357,0x800001b8,VMV_V_X_0x5e024057,108878535
4,108878535,0x800001b4,REGEXT_0x0010200b,0x8000018c,VADD_VV_0x02500357,0x800001b8,VMV_V_X_0x5e024057,108878545
0,108878555,0x800001b4,REGEXT_0x0010200b,0x8000018c,VADD_VV_0x02500357,0x800001b8,VMV_V_X_0x5e024057,108878565
4,135847545,0x800001b4,REGEXT_0x0010200b,0x80000188,JAL_0x0040006f,0x80000188,JAL_0x0040006f,135847555
7,135847555,0x800001b4,REGEXT_0x0010200b,0x80000188,JAL_0x0040006f,0x80000188,JAL_0x0040006f,135847565
6,135847555,0x800001b4,REGEXT_0x0010200b,0x8000018c,VADD_VV_0x02500357,0x800001b8,VMV_V_X_0x5e024057,135847565
5,135847535,0x800001b4,REGEXT_0x0010200b,0x80000184,BGE_0x02905e63,0x80000188,JAL_0x0040006f,135847575
2,135847575,0x800001b4,REGEXT_0x0010200b,0x8000018c,VADD_VV_0x02500357,0x800001b8,VMV_V_X_0x5e024057,135847585
1,135847575,0x800001b4,REGEXT_0x0010200b,0x80000184,BGE_0x02905e63,0x80000188,JAL_0x0040006f,135847595
3,135847585,0x800001b4,REGEXT_0x0010200b,0x8000018c,VADD_VV_0x02500357,0x800001b8,VMV_V_X_0x5e024057,135847595
4,135847665,0x800001b4,REGEXT_0x0010200b,0x8000018c,VADD_VV_0x02500357,0x800001b8,VMV_V_X_0x5e024057,135847675
7,135847675,0x800001b4,REGEXT_0x0010200b,0x8000018c,VADD_VV_0x02500357,0x800001b8,VMV_V_X_0x5e024057,135847685
0,135847685,0x800001b4,REGEXT_0x0010200b,0x8000018c,VADD_VV_0x02500357,0x800001b8,VMV_V_X_0x5e024057,135847695
5,135847695,0x800001b4,REGEXT_0x0010200b,0x8000018c,VADD_VV_0x02500357,0x800001b8,VMV_V_X_0x5e024057,135847705
1,135847715,0x800001b4,REGEXT_0x0010200b,0x8000018c,VADD_VV_0x02500357,0x800001b8,VMV_V_X_0x5e024057,135847725
5,162815025,0x800001b4,REGEXT_0x0010200b,0x80000188,JAL_0x0040006f,0x80000188,JAL_0x0040006f,162815035
6,162815035,0x800001b4,REGEXT_0x0010200b,0x80000188,JAL_0x0040006f,0x80000188,JAL_0x0040006f,162815045
7,162815035,0x800001b4,REGEXT_0x0010200b,0x8000018c,VADD_VV_0x02500357,0x800001b8,VMV_V_X_0x5e024057,162815045
4,162815015,0x800001b4,REGEXT_0x0010200b,0x80000184,BGE_0x02905e63,0x80000188,JAL_0x0040006f,162815055
3,162815055,0x800001b4,REGEXT_0x0010200b,0x8000018c,VADD_VV_0x02500357,0x800001b8,VMV_V_X_0x5e024057,162815065
0,162815055,0x800001b4,REGEXT_0x0010200b,0x80000184,BGE_0x02905e63,0x80000188,JAL_0x0040006f,162815075
2,162815065,0x800001b4,REGEXT_0x0010200b,0x8000018c,VADD_VV_0x02500357,0x800001b8,VMV_V_X_0x5e024057,162815075
5,162815145,0x800001b4,REGEXT_0x0010200b,0x8000018c,VADD_VV_0x02500357,0x800001b8,VMV_V_X_0x5e024057,162815155
6,162815155,0x800001b4,REGEXT_0x0010200b,0x8000018c,VADD_VV_0x02500357,0x800001b8,VMV_V_X_0x5e024057,162815165
1,162815165,0x800001b4,REGEXT_0x0010200b,0x8000018c,VADD_VV_0x02500357,0x800001b8,VMV_V_X_0x5e024057,162815175
4,162815175,0x800001b4,REGEXT_0x0010200b,0x8000018c,VADD_VV_0x02500357,0x800001b8,VMV_V_X_0x5e024057,162815185
0,162815195,0x800001b4,REGEXT_0x0010200b,0x8000018c,VADD_VV_0x02500357,0x800001b8,VMV_V_X_0x5e024057,162815205
5,189784425,0x800001b4,REGEXT_0x0010200b,0x80000188,JAL_0x0040006f,0x80000188,JAL_0x0040006f,189784435
6,189784435,0x800001b4,REGEXT_0x0010200b,0x80000188,JAL_0x0040006f,0x80000188,JAL_0x0040006f,189784445
7,189784435,0x800001b4,REGEXT_0x0010200b,0x8000018c,VADD_VV_0x02500357,0x800001b8,VMV_V_X_0x5e024057,189784445
4,189784415,0x800001b4,REGEXT_0x0010200b,0x80000184,BGE_0x02905e63,0x80000188,JAL_0x0040006f,189784455
3,189784455,0x800001b4,REGEXT_0x0010200b,0x8000018c,VADD_VV_0x02500357,0x800001b8,VMV_V_X_0x5e024057,189784465
0,189784455,0x800001b4,REGEXT_0x0010200b,0x80000184,BGE_0x02905e63,0x80000188,JAL_0x0040006f,189784475
2,189784465,0x800001b4,REGEXT_0x0010200b,0x8000018c,VADD_VV_0x02500357,0x800001b8,VMV_V_X_0x5e024057,189784475
5,189784545,0x800001b4,REGEXT_0x0010200b,0x8000018c,VADD_VV_0x02500357,0x800001b8,VMV_V_X_0x5e024057,189784555
6,189784555,0x800001b4,REGEXT_0x0010200b,0x8000018c,VADD_VV_0x02500357,0x800001b8,VMV_V_X_0x5e024057,189784565
1,189784565,0x800001b4,REGEXT_0x0010200b,0x8000018c,VADD_VV_0x02500357,0x800001b8,VMV_V_X_0x5e024057,189784575
4,189784575,0x800001b4,REGEXT_0x0010200b,0x8000018c,VADD_VV_0x02500357,0x800001b8,VMV_V_X_0x5e024057,189784585
0,189784595,0x800001b4,REGEXT_0x0010200b,0x8000018c,VADD_VV_0x02500357,0x800001b8,VMV_V_X_0x5e024057,189784605
5,216677865,0x800001b4,REGEXT_0x0010200b,0x80000188,JAL_0x0040006f,0x80000188,JAL_0x0040006f,216677875
6,216677875,0x800001b4,REGEXT_0x0010200b,0x80000188,JAL_0x0040006f,0x80000188,JAL_0x0040006f,216677885
7,216677875,0x800001b4,REGEXT_0x0010200b,0x8000018c,VADD_VV_0x02500357,0x800001b8,VMV_V_X_0x5e024057,216677885
4,216677855,0x800001b4,REGEXT_0x0010200b,0x80000184,BGE_0x02905e63,0x80000188,JAL_0x0040006f,216677895
3,216677895,0x800001b4,REGEXT_0x0010200b,0x8000018c,VADD_VV_0x02500357,0x800001b8,VMV_V_X_0x5e024057,216677905
0,216677895,0x800001b4,REGEXT_0x0010200b,0x80000184,BGE_0x02905e63,0x80000188,JAL_0x0040006f,216677915
2,216677905,0x800001b4,REGEXT_0x0010200b,0x8000018c,VADD_VV_0x02500357,0x800001b8,VMV_V_X_0x5e024057,216677915
5,216677985,0x800001b4,REGEXT_0x0010200b,0x8000018c,VADD_VV_0x02500357,0x800001b8,VMV_V_X_0x5e024057,216677995
6,216677995,0x800001b4,REGEXT_0x0010200b,0x8000018c,VADD_VV_0x02500357,0x800001b8,VMV_V_X_0x5e024057,216678005
1,216678005,0x800001b4,REGEXT_0x0010200b,0x8000018c,VADD_VV_0x02500357,0x800001b8,VMV_V_X_0x5e024057,216678015
4,216678015,0x800001b4,REGEXT_0x0010200b,0x8000018c,VADD_VV_0x02500357,0x800001b8,VMV_V_X_0x5e024057,216678025
0,216678035,0x800001b4,REGEXT_0x0010200b,0x8000018c,VADD_VV_0x02500357,0x800001b8,VMV_V_X_0x5e024057,216678045
5,244946385,0x800001b4,REGEXT_0x0010200b,0x80000188,JAL_0x0040006f,0x80000188,JAL_0x0040006f,244946395
4,244946395,0x800001b4,REGEXT_0x0010200b,0x80000188,JAL_0x0040006f,0x80000188,JAL_0x0040006f,244946405
7,244946395,0x800001b4,REGEXT_0x0010200b,0x8000018c,VADD_VV_0x02500357,0x800001b8,VMV_V_X_0x5e024057,244946405
2,244946375,0x800001b4,REGEXT_0x0010200b,0x80000184,BGE_0x02905e63,0x80000188,JAL_0x0040006f,244946415
3,244946415,0x800001b4,REGEXT_0x0010200b,0x8000018c,VADD_VV_0x02500357,0x800001b8,VMV_V_X_0x5e024057,244946425
6,244946415,0x800001b4,REGEXT_0x0010200b,0x80000184,BGE_0x02905e63,0x80000188,JAL_0x0040006f,244946435
0,244946425,0x800001b4,REGEXT_0x0010200b,0x8000018c,VADD_VV_0x02500357,0x800001b8,VMV_V_X_0x5e024057,244946435
5,244946505,0x800001b4,REGEXT_0x0010200b,0x8000018c,VADD_VV_0x02500357,0x800001b8,VMV_V_X_0x5e024057,244946515
4,244946515,0x800001b4,REGEXT_0x0010200b,0x8000018c,VADD_VV_0x02500357,0x800001b8,VMV_V_X_0x5e024057,244946525
1,244946525,0x800001b4,REGEXT_0x0010200b,0x8000018c,VADD_VV_0x02500357,0x800001b8,VMV_V_X_0x5e024057,244946535
2,244946535,0x800001b4,REGEXT_0x0010200b,0x8000018c,VADD_VV_0x02500357,0x800001b8,VMV_V_X_0x5e024057,244946545
6,244946555,0x800001b4,REGEXT_0x0010200b,0x8000018c,VADD_VV_0x02500357,0x800001b8,VMV_V_X_0x5e024057,244946565
5,271862235,0x800001b4,REGEXT_0x0010200b,0x80000188,JAL_0x0040006f,0x80000188,JAL_0x0040006f,271862245
6,271862245,0x800001b4,REGEXT_0x0010200b,0x80000188,JAL_0x0040006f,0x80000188,JAL_0x0040006f,271862255
7,271862245,0x800001b4,REGEXT_0x0010200b,0x8000018c,VADD_VV_0x02500357,0x800001b8,VMV_V_X_0x5e024057,271862255
4,271862225,0x800001b4,REGEXT_0x0010200b,0x80000184,BGE_0x02905e63,0x80000188,JAL_0x0040006f,271862265
3,271862265,0x800001b4,REGEXT_0x0010200b,0x8000018c,VADD_VV_0x02500357,0x800001b8,VMV_V_X_0x5e024057,271862275
0,271862265,0x800001b4,REGEXT_0x0010200b,0x80000184,BGE_0x02905e63,0x80000188,JAL_0x0040006f,271862285
2,271862275,0x800001b4,REGEXT_0x0010200b,0x8000018c,VADD_VV_0x02500357,0x800001b8,VMV_V_X_0x5e024057,271862285
5,271862355,0x800001b4,REGEXT_0x0010200b,0x8000018c,VADD_VV_0x02500357,0x800001b8,VMV_V_X_0x5e024057,271862365
6,271862365,0x800001b4,REGEXT_0x0010200b,0x8000018c,VADD_VV_0x02500357,0x800001b8,VMV_V_X_0x5e024057,271862375
1,271862375,0x800001b4,REGEXT_0x0010200b,0x8000018c,VADD_VV_0x02500357,0x800001b8,VMV_V_X_0x5e024057,271862385
4,271862385,0x800001b4,REGEXT_0x0010200b,0x8000018c,VADD_VV_0x02500357,0x800001b8,VMV_V_X_0x5e024057,271862395
0,271862405,0x800001b4,REGEXT_0x0010200b,0x8000018c,VADD_VV_0x02500357,0x800001b8,VMV_V_X_0x5e024057,271862415
4,298831215,0x800001b4,REGEXT_0x0010200b,0x80000188,JAL_0x0040006f,0x80000188,JAL_0x0040006f,298831225
7,298831225,0x800001b4,REGEXT_0x0010200b,0x80000188,JAL_0x0040006f,0x80000188,JAL_0x0040006f,298831235
6,298831225,0x800001b4,REGEXT_0x0010200b,0x8000018c,VADD_VV_0x02500357,0x800001b8,VMV_V_X_0x5e024057,298831235
5,298831205,0x800001b4,REGEXT_0x0010200b,0x80000184,BGE_0x02905e63,0x80000188,JAL_0x0040006f,298831245
2,298831245,0x800001b4,REGEXT_0x0010200b,0x8000018c,VADD_VV_0x02500357,0x800001b8,VMV_V_X_0x5e024057,298831255
1,298831245,0x800001b4,REGEXT_0x0010200b,0x80000184,BGE_0x02905e63,0x80000188,JAL_0x0040006f,298831265
3,298831255,0x800001b4,REGEXT_0x0010200b,0x8000018c,VADD_VV_0x02500357,0x800001b8,VMV_V_X_0x5e024057,298831265
4,298831335,0x800001b4,REGEXT_0x0010200b,0x8000018c,VADD_VV_0x02500357,0x800001b8,VMV_V_X_0x5e024057,298831345
7,298831345,0x800001b4,REGEXT_0x0010200b,0x8000018c,VADD_VV_0x02500357,0x800001b8,VMV_V_X_0x5e024057,298831355
0,298831355,0x800001b4,REGEXT_0x0010200b,0x8000018c,VADD_VV_0x02500357,0x800001b8,VMV_V_X_0x5e024057,298831365
5,298831365,0x800001b4,REGEXT_0x0010200b,0x8000018c,VADD_VV_0x02500357,0x800001b8,VMV_V_X_0x5e024057,298831375
1,298831385,0x800001b4,REGEXT_0x0010200b,0x8000018c,VADD_VV_0x02500357,0x800001b8,VMV_V_X_0x5e024057,298831395
5,325518045,0x800001b4,REGEXT_0x0010200b,0x80000188,JAL_0x0040006f,0x80000188,JAL_0x0040006f,325518055
0,325518055,0x800001b4,REGEXT_0x0010200b,0x80000188,JAL_0x0040006f,0x80000188,JAL_0x0040006f,325518065
7,325518055,0x800001b4,REGEXT_0x0010200b,0x8000018c,VADD_VV_0x02500357,0x800001b8,VMV_V_X_0x5e024057,325518065
6,325518035,0x800001b4,REGEXT_0x0010200b,0x80000184,BGE_0x02905e63,0x80000188,JAL_0x0040006f,325518075
3,325518075,0x800001b4,REGEXT_0x0010200b,0x8000018c,VADD_VV_0x02500357,0x800001b8,VMV_V_X_0x5e024057,325518085
2,325518075,0x800001b4,REGEXT_0x0010200b,0x80000184,BGE_0x02905e63,0x80000188,JAL_0x0040006f,325518095
4,325518085,0x800001b4,REGEXT_0x0010200b,0x8000018c,VADD_VV_0x02500357,0x800001b8,VMV_V_X_0x5e024057,325518095
5,325518165,0x800001b4,REGEXT_0x0010200b,0x8000018c,VADD_VV_0x02500357,0x800001b8,VMV_V_X_0x5e024057,325518175
0,325518175,0x800001b4,REGEXT_0x0010200b,0x8000018c,VADD_VV_0x02500357,0x800001b8,VMV_V_X_0x5e024057,325518185
1,325518185,0x800001b4,REGEXT_0x0010200b,0x8000018c,VADD_VV_0x02500357,0x800001b8,VMV_V_X_0x5e024057,325518195
6,325518195,0x800001b4,REGEXT_0x0010200b,0x8000018c,VADD_VV_0x02500357,0x800001b8,VMV_V_X_0x5e024057,325518205
2,325518215,0x800001b4,REGEXT_0x0010200b,0x8000018c,VADD_VV_0x02500357,0x800001b8,VMV_V_X_0x5e024057,325518225
3,352487055,0x800001b4,REGEXT_0x0010200b,0x80000188,JAL_0x0040006f,0x80000188,JAL_0x0040006f,352487065
0,352487065,0x800001b4,REGEXT_0x0010200b,0x80000188,JAL_0x0040006f,0x80000188,JAL_0x0040006f,352487075
5,352487065,0x800001b4,REGEXT_0x0010200b,0x8000018c,VADD_VV_0x02500357,0x800001b8,VMV_V_X_0x5e024057,352487075
6,352487045,0x800001b4,REGEXT_0x0010200b,0x80000184,BGE_0x02905e63,0x80000188,JAL_0x0040006f,352487085
1,352487085,0x800001b4,REGEXT_0x0010200b,0x8000018c,VADD_VV_0x02500357,0x800001b8,VMV_V_X_0x5e024057,352487095
2,352487085,0x800001b4,REGEXT_0x0010200b,0x80000184,BGE_0x02905e63,0x80000188,JAL_0x0040006f,352487105
4,352487095,0x800001b4,REGEXT_0x0010200b,0x8000018c,VADD_VV_0x02500357,0x800001b8,VMV_V_X_0x5e024057,352487105
3,352487175,0x800001b4,REGEXT_0x0010200b,0x8000018c,VADD_VV_0x02500357,0x800001b8,VMV_V_X_0x5e024057,352487185
0,352487185,0x800001b4,REGEXT_0x0010200b,0x8000018c,VADD_VV_0x02500357,0x800001b8,VMV_V_X_0x5e024057,352487195
7,352487195,0x800001b4,REGEXT_0x0010200b,0x8000018c,VADD_VV_0x02500357,0x800001b8,VMV_V_X_0x5e024057,352487205
6,352487205,0x800001b4,REGEXT_0x0010200b,0x8000018c,VADD_VV_0x02500357,0x800001b8,VMV_V_X_0x5e024057,352487215
2,352487225,0x800001b4,REGEXT_0x0010200b,0x8000018c,VADD_VV_0x02500357,0x800001b8,VMV_V_X_0x5e024057,352487235
5,379307205,0x800001b4,REGEXT_0x0010200b,0x80000188,JAL_0x0040006f,0x80000188,JAL_0x0040006f,379307215
4,379307215,0x800001b4,REGEXT_0x0010200b,0x80000188,JAL_0x0040006f,0x80000188,JAL_0x0040006f,379307225
7,379307215,0x800001b4,REGEXT_0x0010200b,0x8000018c,VADD_VV_0x02500357,0x800001b8,VMV_V_X_0x5e024057,379307225
2,379307195,0x800001b4,REGEXT_0x0010200b,0x80000184,BGE_0x02905e63,0x80000188,JAL_0x0040006f,379307235
3,379307235,0x800001b4,REGEXT_0x0010200b,0x8000018c,VADD_VV_0x02500357,0x800001b8,VMV_V_X_0x5e024057,379307245
6,379307235,0x800001b4,REGEXT_0x0010200b,0x80000184,BGE_0x02905e63,0x80000188,JAL_0x0040006f,379307255
0,379307245,0x800001b4,REGEXT_0x0010200b,0x8000018c,VADD_VV_0x02500357,0x800001b8,VMV_V_X_0x5e024057,379307255
5,379307325,0x800001b4,REGEXT_0x0010200b,0x8000018c,VADD_VV_0x02500357,0x800001b8,VMV_V_X_0x5e024057,379307335
4,379307335,0x800001b4,REGEXT_0x0010200b,0x8000018c,VADD_VV_0x02500357,0x800001b8,VMV_V_X_0x5e024057,379307345
1,379307345,0x800001b4,REGEXT_0x0010200b,0x8000018c,VADD_VV_0x02500357,0x800001b8,VMV_V_X_0x5e024057,379307355
2,379307355,0x800001b4,REGEXT_0x0010200b,0x8000018c,VADD_VV_0x02500357,0x800001b8,VMV_V_X_0x5e024057,379307365
6,379307375,0x800001b4,REGEXT_0x0010200b,0x8000018c,VADD_VV_0x02500357,0x800001b8,VMV_V_X_0x5e024057,379307385
5,406274655,0x800001b4,REGEXT_0x0010200b,0x80000188,JAL_0x0040006f,0x80000188,JAL_0x0040006f,406274665
6,406274665,0x800001b4,REGEXT_0x0010200b,0x80000188,JAL_0x0040006f,0x80000188,JAL_0x0040006f,406274675
7,406274665,0x800001b4,REGEXT_0x0010200b,0x8000018c,VADD_VV_0x02500357,0x800001b8,VMV_V_X_0x5e024057,406274675
4,406274645,0x800001b4,REGEXT_0x0010200b,0x80000184,BGE_0x02905e63,0x80000188,JAL_0x0040006f,406274685
3,406274685,0x800001b4,REGEXT_0x0010200b,0x8000018c,VADD_VV_0x02500357,0x800001b8,VMV_V_X_0x5e024057,406274695
0,406274685,0x800001b4,REGEXT_0x0010200b,0x80000184,BGE_0x02905e63,0x80000188,JAL_0x0040006f,406274705
2,406274695,0x800001b4,REGEXT_0x0010200b,0x8000018c,VADD_VV_0x02500357,0x800001b8,VMV_V_X_0x5e024057,406274705
5,406274775,0x800001b4,REGEXT_0x0010200b,0x8000018c,VADD_VV_0x02500357,0x800001b8,VMV_V_X_0x5e024057,406274785
6,406274785,0x800001b4,REGEXT_0x0010200b,0x8000018c,VADD_VV_0x02500357,0x800001b8,VMV_V_X_0x5e024057,406274795
1,406274795,0x800001b4,REGEXT_0x0010200b,0x8000018c,VADD_VV_0x02500357,0x800001b8,VMV_V_X_0x5e024057,406274805
4,406274805,0x800001b4,REGEXT_0x0010200b,0x8000018c,VADD_VV_0x02500357,0x800001b8,VMV_V_X_0x5e024057,406274815
0,406274825,0x800001b4,REGEXT_0x0010200b,0x8000018c,VADD_VV_0x02500357,0x800001b8,VMV_V_X_0x5e024057,406274835
6,433109595,0x800001b4,REGEXT_0x0010200b,0x80000188,JAL_0x0040006f,0x80000188,JAL_0x0040006f,433109605
5,433109605,0x800001b4,REGEXT_0x0010200b,0x80000188,JAL_0x0040006f,0x80000188,JAL_0x0040006f,433109615
0,433109605,0x800001b4,REGEXT_0x0010200b,0x8000018c,VADD_VV_0x02500357,0x800001b8,VMV_V_X_0x5e024057,433109615
3,433109585,0x800001b4,REGEXT_0x0010200b,0x80000184,BGE_0x02905e63,0x80000188,JAL_0x0040006f,433109625
4,433109625,0x800001b4,REGEXT_0x0010200b,0x8000018c,VADD_VV_0x02500357,0x800001b8,VMV_V_X_0x5e024057,433109635
7,433109625,0x800001b4,REGEXT_0x0010200b,0x80000184,BGE_0x02905e63,0x80000188,JAL_0x0040006f,433109645
1,433109635,0x800001b4,REGEXT_0x0010200b,0x8000018c,VADD_VV_0x02500357,0x800001b8,VMV_V_X_0x5e024057,433109645
6,433109715,0x800001b4,REGEXT_0x0010200b,0x8000018c,VADD_VV_0x02500357,0x800001b8,VMV_V_X_0x5e024057,433109725
5,433109725,0x800001b4,REGEXT_0x0010200b,0x8000018c,VADD_VV_0x02500357,0x800001b8,VMV_V_X_0x5e024057,433109735
2,433109735,0x800001b4,REGEXT_0x0010200b,0x8000018c,VADD_VV_0x02500357,0x800001b8,VMV_V_X_0x5e024057,433109745
3,433109745,0x800001b4,REGEXT_0x0010200b,0x8000018c,VADD_VV_0x02500357,0x800001b8,VMV_V_X_0x5e024057,433109755
7,433109765,0x800001b4,REGEXT_0x0010200b,0x8000018c,VADD_VV_0x02500357,0x800001b8,VMV_V_X_0x5e024057,433109775
5,461362965,0x800001b4,REGEXT_0x0010200b,0x80000188,JAL_0x0040006f,0x80000188,JAL_0x0040006f,461362975
4,461362975,0x800001b4,REGEXT_0x0010200b,0x80000188,JAL_0x0040006f,0x80000188,JAL_0x0040006f,461362985
7,461362975,0x800001b4,REGEXT_0x0010200b,0x8000018c,VADD_VV_0x02500357,0x800001b8,VMV_V_X_0x5e024057,461362985
2,461362955,0x800001b4,REGEXT_0x0010200b,0x80000184,BGE_0x02905e63,0x80000188,JAL_0x0040006f,461362995
3,461362995,0x800001b4,REGEXT_0x0010200b,0x8000018c,VADD_VV_0x02500357,0x800001b8,VMV_V_X_0x5e024057,461363005
6,461362995,0x800001b4,REGEXT_0x0010200b,0x80000184,BGE_0x02905e63,0x80000188,JAL_0x0040006f,461363015
0,461363005,0x800001b4,REGEXT_0x0010200b,0x8000018c,VADD_VV_0x02500357,0x800001b8,VMV_V_X_0x5e024057,461363015
5,461363085,0x800001b4,REGEXT_0x0010200b,0x8000018c,VADD_VV_0x02500357,0x800001b8,VMV_V_X_0x5e024057,461363095
4,461363095,0x800001b4,REGEXT_0x0010200b,0x8000018c,VADD_VV_0x02500357,0x800001b8,VMV_V_X_0x5e024057,461363105
1,461363105,0x800001b4,REGEXT_0x0010200b,0x8000018c,VADD_VV_0x02500357,0x800001b8,VMV_V_X_0x5e024057,461363115
2,461363115,0x800001b4,REGEXT_0x0010200b,0x8000018c,VADD_VV_0x02500357,0x800001b8,VMV_V_X_0x5e024057,461363125
6,461363135,0x800001b4,REGEXT_0x0010200b,0x8000018c,VADD_VV_0x02500357,0x800001b8,VMV_V_X_0x5e024057,461363145
6,488169915,0x800001b4,REGEXT_0x0010200b,0x80000188,JAL_0x0040006f,0x80000188,JAL_0x0040006f,488169925
5,488169925,0x800001b4,REGEXT_0x0010200b,0x80000188,JAL_0x0040006f,0x80000188,JAL_0x0040006f,488169935
0,488169925,0x800001b4,REGEXT_0x0010200b,0x8000018c,VADD_VV_0x02500357,0x800001b8,VMV_V_X_0x5e024057,488169935
3,488169905,0x800001b4,REGEXT_0x0010200b,0x80000184,BGE_0x02905e63,0x80000188,JAL_0x0040006f,488169945
4,488169945,0x800001b4,REGEXT_0x0010200b,0x8000018c,VADD_VV_0x02500357,0x800001b8,VMV_V_X_0x5e024057,488169955
7,488169945,0x800001b4,REGEXT_0x0010200b,0x80000184,BGE_0x02905e63,0x80000188,JAL_0x0040006f,488169965
1,488169955,0x800001b4,REGEXT_0x0010200b,0x8000018c,VADD_VV_0x02500357,0x800001b8,VMV_V_X_0x5e024057,488169965
6,488170035,0x800001b4,REGEXT_0x0010200b,0x8000018c,VADD_VV_0x02500357,0x800001b8,VMV_V_X_0x5e024057,488170045
5,488170045,0x800001b4,REGEXT_0x0010200b,0x8000018c,VADD_VV_0x02500357,0x800001b8,VMV_V_X_0x5e024057,488170055
2,488170055,0x800001b4,REGEXT_0x0010200b,0x8000018c,VADD_VV_0x02500357,0x800001b8,VMV_V_X_0x5e024057,488170065
3,488170065,0x800001b4,REGEXT_0x0010200b,0x8000018c,VADD_VV_0x02500357,0x800001b8,VMV_V_X_0x5e024057,488170075
7,488170085,0x800001b4,REGEXT_0x0010200b,0x8000018c,VADD_VV_0x02500357,0x800001b8,VMV_V_X_0x5e024057,488170095
6,515115525,0x800001b4,REGEXT_0x0010200b,0x80000188,JAL_0x0040006f,0x80000188,JAL_0x0040006f,515115535
5,515115535,0x800001b4,REGEXT_0x0010200b,0x80000188,JAL_0x0040006f,0x80000188,JAL_0x0040006f,515115545
0,515115535,0x800001b4,REGEXT_0x0010200b,0x8000018c,VADD_VV_0x02500357,0x800001b8,VMV_V_X_0x5e024057,515115545
3,515115515,0x800001b4,REGEXT_0x0010200b,0x80000184,BGE_0x02905e63,0x80000188,JAL_0x0040006f,515115555
4,515115555,0x800001b4,REGEXT_0x0010200b,0x8000018c,VADD_VV_0x02500357,0x800001b8,VMV_V_X_0x5e024057,515115565
7,515115555,0x800001b4,REGEXT_0x0010200b,0x80000184,BGE_0x02905e63,0x80000188,JAL_0x0040006f,515115575
1,515115565,0x800001b4,REGEXT_0x0010200b,0x8000018c,VADD_VV_0x02500357,0x800001b8,VMV_V_X_0x5e024057,515115575
6,515115645,0x800001b4,REGEXT_0x0010200b,0x8000018c,VADD_VV_0x02500357,0x800001b8,VMV_V_X_0x5e024057,515115655
5,515115655,0x800001b4,REGEXT_0x0010200b,0x8000018c,VADD_VV_0x02500357,0x800001b8,VMV_V_X_0x5e024057,515115665
2,515115665,0x800001b4,REGEXT_0x0010200b,0x8000018c,VADD_VV_0x02500357,0x800001b8,VMV_V_X_0x5e024057,515115675
3,515115675,0x800001b4,REGEXT_0x0010200b,0x8000018c,VADD_VV_0x02500357,0x800001b8,VMV_V_X_0x5e024057,515115685
7,515115695,0x800001b4,REGEXT_0x0010200b,0x8000018c,VADD_VV_0x02500357,0x800001b8,VMV_V_X_0x5e024057,515115705
5,542057025,0x800001b4,REGEXT_0x0010200b,0x80000188,JAL_0x0040006f,0x80000188,JAL_0x0040006f,542057035
6,542057035,0x800001b4,REGEXT_0x0010200b,0x80000188,JAL_0x0040006f,0x80000188,JAL_0x0040006f,542057045
7,542057035,0x800001b4,REGEXT_0x0010200b,0x8000018c,VADD_VV_0x02500357,0x800001b8,VMV_V_X_0x5e024057,542057045
4,542057015,0x800001b4,REGEXT_0x0010200b,0x80000184,BGE_0x02905e63,0x80000188,JAL_0x0040006f,542057055
3,542057055,0x800001b4,REGEXT_0x0010200b,0x8000018c,VADD_VV_0x02500357,0x800001b8,VMV_V_X_0x5e024057,542057065
0,542057055,0x800001b4,REGEXT_0x0010200b,0x80000184,BGE_0x02905e63,0x80000188,JAL_0x0040006f,542057075
2,542057065,0x800001b4,REGEXT_0x0010200b,0x8000018c,VADD_VV_0x02500357,0x800001b8,VMV_V_X_0x5e024057,542057075
5,542057145,0x800001b4,REGEXT_0x0010200b,0x8000018c,VADD_VV_0x02500357,0x800001b8,VMV_V_X_0x5e024057,542057155
6,542057155,0x800001b4,REGEXT_0x0010200b,0x8000018c,VADD_VV_0x02500357,0x800001b8,VMV_V_X_0x5e024057,542057165
1,542057165,0x800001b4,REGEXT_0x0010200b,0x8000018c,VADD_VV_0x02500357,0x800001b8,VMV_V_X_0x5e024057,542057175
4,542057175,0x800001b4,REGEXT_0x0010200b,0x8000018c,VADD_VV_0x02500357,0x800001b8,VMV_V_X_0x5e024057,542057185
0,542057195,0x800001b4,REGEXT_0x0010200b,0x8000018c,VADD_VV_0x02500357,0x800001b8,VMV_V_X_0x5e024057,542057205
4,569026185,0x800001b4,REGEXT_0x0010200b,0x80000188,JAL_0x0040006f,0x80000188,JAL_0x0040006f,569026195
7,569026195,0x800001b4,REGEXT_0x0010200b,0x80000188,JAL_0x0040006f,0x80000188,JAL_0x0040006f,569026205
6,569026195,0x800001b4,REGEXT_0x0010200b,0x8000018c,VADD_VV_0x02500357,0x800001b8,VMV_V_X_0x5e024057,569026205
5,569026175,0x800001b4,REGEXT_0x0010200b,0x80000184,BGE_0x02905e63,0x80000188,JAL_0x0040006f,569026215
2,569026215,0x800001b4,REGEXT_0x0010200b,0x8000018c,VADD_VV_0x02500357,0x800001b8,VMV_V_X_0x5e024057,569026225
1,569026215,0x800001b4,REGEXT_0x0010200b,0x80000184,BGE_0x02905e63,0x80000188,JAL_0x0040006f,569026235
3,569026225,0x800001b4,REGEXT_0x0010200b,0x8000018c,VADD_VV_0x02500357,0x800001b8,VMV_V_X_0x5e024057,569026235
4,569026305,0x800001b4,REGEXT_0x0010200b,0x8000018c,VADD_VV_0x02500357,0x800001b8,VMV_V_X_0x5e024057,569026315
7,569026315,0x800001b4,REGEXT_0x0010200b,0x8000018c,VADD_VV_0x02500357,0x800001b8,VMV_V_X_0x5e024057,569026325
0,569026325,0x800001b4,REGEXT_0x0010200b,0x8000018c,VADD_VV_0x02500357,0x800001b8,VMV_V_X_0x5e024057,569026335
5,569026335,0x800001b4,REGEXT_0x0010200b,0x8000018c,VADD_VV_0x02500357,0x800001b8,VMV_V_X_0x5e024057,569026345
1,569026355,0x800001b4,REGEXT_0x0010200b,0x8000018c,VADD_VV_0x02500357,0x800001b8,VMV_V_X_0x5e024057,569026365
5,595993665,0x800001b4,REGEXT_0x0010200b,0x80000188,JAL_0x0040006f,0x80000188,JAL_0x0040006f,595993675
6,595993675,0x800001b4,REGEXT_0x0010200b,0x80000188,JAL_0x0040006f,0x80000188,JAL_0x0040006f,595993685
7,595993675,0x800001b4,REGEXT_0x0010200b,0x8000018c,VADD_VV_0x02500357,0x800001b8,VMV_V_X_0x5e024057,595993685
4,595993655,0x800001b4,REGEXT_0x0010200b,0x80000184,BGE_0x02905e63,0x80000188,JAL_0x0040006f,595993695
3,595993695,0x800001b4,REGEXT_0x0010200b,0x8000018c,VADD_VV_0x02500357,0x800001b8,VMV_V_X_0x5e024057,595993705
0,595993695,0x800001b4,REGEXT_0x0010200b,0x80000184,BGE_0x02905e63,0x80000188,JAL_0x0040006f,595993715
2,595993705,0x800001b4,REGEXT_0x0010200b,0x8000018c,VADD_VV_0x02500357,0x800001b8,VMV_V_X_0x5e024057,595993715
5,595993785,0x800001b4,REGEXT_0x0010200b,0x8000018c,VADD_VV_0x02500357,0x800001b8,VMV_V_X_0x5e024057,595993795
6,595993795,0x800001b4,REGEXT_0x0010200b,0x8000018c,VADD_VV_0x02500357,0x800001b8,VMV_V_X_0x5e024057,595993805
1,595993805,0x800001b4,REGEXT_0x0010200b,0x8000018c,VADD_VV_0x02500357,0x800001b8,VMV_V_X_0x5e024057,595993815
4,595993815,0x800001b4,REGEXT_0x0010200b,0x8000018c,VADD_VV_0x02500357,0x800001b8,VMV_V_X_0x5e024057,595993825
0,595993835,0x800001b4,REGEXT_0x0010200b,0x8000018c,VADD_VV_0x02500357,0x800001b8,VMV_V_X_0x5e024057,595993845
5,622963065,0x800001b4,REGEXT_0x0010200b,0x80000188,JAL_0x0040006f,0x80000188,JAL_0x0040006f,622963075
6,622963075,0x800001b4,REGEXT_0x0010200b,0x80000188,JAL_0x0040006f,0x80000188,JAL_0x0040006f,622963085
7,622963075,0x800001b4,REGEXT_0x0010200b,0x8000018c,VADD_VV_0x02500357,0x800001b8,VMV_V_X_0x5e024057,622963085
4,622963055,0x800001b4,REGEXT_0x0010200b,0x80000184,BGE_0x02905e63,0x80000188,JAL_0x0040006f,622963095
3,622963095,0x800001b4,REGEXT_0x0010200b,0x8000018c,VADD_VV_0x02500357,0x800001b8,VMV_V_X_0x5e024057,622963105
0,622963095,0x800001b4,REGEXT_0x0010200b,0x80000184,BGE_0x02905e63,0x80000188,JAL_0x0040006f,622963115
2,622963105,0x800001b4,REGEXT_0x0010200b,0x8000018c,VADD_VV_0x02500357,0x800001b8,VMV_V_X_0x5e024057,622963115
5,622963185,0x800001b4,REGEXT_0x0010200b,0x8000018c,VADD_VV_0x02500357,0x800001b8,VMV_V_X_0x5e024057,622963195
6,622963195,0x800001b4,REGEXT_0x0010200b,0x8000018c,VADD_VV_0x02500357,0x800001b8,VMV_V_X_0x5e024057,622963205
1,622963205,0x800001b4,REGEXT_0x0010200b,0x8000018c,VADD_VV_0x02500357,0x800001b8,VMV_V_X_0x5e024057,622963215
4,622963215,0x800001b4,REGEXT_0x0010200b,0x8000018c,VADD_VV_0x02500357,0x800001b8,VMV_V_X_0x5e024057,622963225
0,622963235,0x800001b4,REGEXT_0x0010200b,0x8000018c,VADD_VV_0x02500357,0x800001b8,VMV_V_X_0x5e024057,622963245
5,649856505,0x800001b4,REGEXT_0x0010200b,0x80000188,JAL_0x0040006f,0x80000188,JAL_0x0040006f,649856515
6,649856515,0x800001b4,REGEXT_0x0010200b,0x80000188,JAL_0x0040006f,0x80000188,JAL_0x0040006f,649856525
7,649856515,0x800001b4,REGEXT_0x0010200b,0x8000018c,VADD_VV_0x02500357,0x800001b8,VMV_V_X_0x5e024057,649856525
4,649856495,0x800001b4,REGEXT_0x0010200b,0x80000184,BGE_0x02905e63,0x80000188,JAL_0x0040006f,649856535
3,649856535,0x800001b4,REGEXT_0x0010200b,0x8000018c,VADD_VV_0x02500357,0x800001b8,VMV_V_X_0x5e024057,649856545
0,649856535,0x800001b4,REGEXT_0x0010200b,0x80000184,BGE_0x02905e63,0x80000188,JAL_0x0040006f,649856555
2,649856545,0x800001b4,REGEXT_0x0010200b,0x8000018c,VADD_VV_0x02500357,0x800001b8,VMV_V_X_0x5e024057,649856555
5,649856625,0x800001b4,REGEXT_0x0010200b,0x8000018c,VADD_VV_0x02500357,0x800001b8,VMV_V_X_0x5e024057,649856635
6,649856635,0x800001b4,REGEXT_0x0010200b,0x8000018c,VADD_VV_0x02500357,0x800001b8,VMV_V_X_0x5e024057,649856645
1,649856645,0x800001b4,REGEXT_0x0010200b,0x8000018c,VADD_VV_0x02500357,0x800001b8,VMV_V_X_0x5e024057,649856655
4,649856655,0x800001b4,REGEXT_0x0010200b,0x8000018c,VADD_VV_0x02500357,0x800001b8,VMV_V_X_0x5e024057,649856665
0,649856675,0x800001b4,REGEXT_0x0010200b,0x8000018c,VADD_VV_0x02500357,0x800001b8,VMV_V_X_0x5e024057,649856685
5,678125025,0x800001b4,REGEXT_0x0010200b,0x80000188,JAL_0x0040006f,0x80000188,JAL_0x0040006f,678125035
4,678125035,0x800001b4,REGEXT_0x0010200b,0x80000188,JAL_0x0040006f,0x80000188,JAL_0x0040006f,678125045
7,678125035,0x800001b4,REGEXT_0x0010200b,0x8000018c,VADD_VV_0x02500357,0x800001b8,VMV_V_X_0x5e024057,678125045
2,678125015,0x800001b4,REGEXT_0x0010200b,0x80000184,BGE_0x02905e63,0x80000188,JAL_0x0040006f,678125055
3,678125055,0x800001b4,REGEXT_0x0010200b,0x8000018c,VADD_VV_0x02500357,0x800001b8,VMV_V_X_0x5e024057,678125065
6,678125055,0x800001b4,REGEXT_0x0010200b,0x80000184,BGE_0x02905e63,0x80000188,JAL_0x0040006f,678125075
0,678125065,0x800001b4,REGEXT_0x0010200b,0x8000018c,VADD_VV_0x02500357,0x800001b8,VMV_V_X_0x5e024057,678125075
5,678125145,0x800001b4,REGEXT_0x0010200b,0x8000018c,VADD_VV_0x02500357,0x800001b8,VMV_V_X_0x5e024057,678125155
4,678125155,0x800001b4,REGEXT_0x0010200b,0x8000018c,VADD_VV_0x02500357,0x800001b8,VMV_V_X_0x5e024057,678125165
1,678125165,0x800001b4,REGEXT_0x0010200b,0x8000018c,VADD_VV_0x02500357,0x800001b8,VMV_V_X_0x5e024057,678125175
2,678125175,0x800001b4,REGEXT_0x0010200b,0x8000018c,VADD_VV_0x02500357,0x800001b8,VMV_V_X_0x5e024057,678125185
6,678125195,0x800001b4,REGEXT_0x0010200b,0x8000018c,VADD_VV_0x02500357,0x800001b8,VMV_V_X_0x5e024057,678125205
5,705040875,0x800001b4,REGEXT_0x0010200b,0x80000188,JAL_0x0040006f,0x80000188,JAL_0x0040006f,705040885
6,705040885,0x800001b4,REGEXT_0x0010200b,0x80000188,JAL_0x0040006f,0x80000188,JAL_0x0040006f,705040895
7,705040885,0x800001b4,REGEXT_0x0010200b,0x8000018c,VADD_VV_0x02500357,0x800001b8,VMV_V_X_0x5e024057,705040895
4,705040865,0x800001b4,REGEXT_0x0010200b,0x80000184,BGE_0x02905e63,0x80000188,JAL_0x0040006f,705040905
3,705040905,0x800001b4,REGEXT_0x0010200b,0x8000018c,VADD_VV_0x02500357,0x800001b8,VMV_V_X_0x5e024057,705040915
0,705040905,0x800001b4,REGEXT_0x0010200b,0x80000184,BGE_0x02905e63,0x80000188,JAL_0x0040006f,705040925
2,705040915,0x800001b4,REGEXT_0x0010200b,0x8000018c,VADD_VV_0x02500357,0x800001b8,VMV_V_X_0x5e024057,705040925
5,705040995,0x800001b4,REGEXT_0x0010200b,0x8000018c,VADD_VV_0x02500357,0x800001b8,VMV_V_X_0x5e024057,705041005
6,705041005,0x800001b4,REGEXT_0x0010200b,0x8000018c,VADD_VV_0x02500357,0x800001b8,VMV_V_X_0x5e024057,705041015
1,705041015,0x800001b4,REGEXT_0x0010200b,0x8000018c,VADD_VV_0x02500357,0x800001b8,VMV_V_X_0x5e024057,705041025
4,705041025,0x800001b4,REGEXT_0x0010200b,0x8000018c,VADD_VV_0x02500357,0x800001b8,VMV_V_X_0x5e024057,705041035
0,705041045,0x800001b4,REGEXT_0x0010200b,0x8000018c,VADD_VV_0x02500357,0x800001b8,VMV_V_X_0x5e024057,705041055
4,732009855,0x800001b4,REGEXT_0x0010200b,0x80000188,JAL_0x0040006f,0x80000188,JAL_0x0040006f,732009865
7,732009865,0x800001b4,REGEXT_0x0010200b,0x80000188,JAL_0x0040006f,0x80000188,JAL_0x0040006f,732009875
6,732009865,0x800001b4,REGEXT_0x0010200b,0x8000018c,VADD_VV_0x02500357,0x800001b8,VMV_V_X_0x5e024057,732009875
5,732009845,0x800001b4,REGEXT_0x0010200b,0x80000184,BGE_0x02905e63,0x80000188,JAL_0x0040006f,732009885
2,732009885,0x800001b4,REGEXT_0x0010200b,0x8000018c,VADD_VV_0x02500357,0x800001b8,VMV_V_X_0x5e024057,732009895
1,732009885,0x800001b4,REGEXT_0x0010200b,0x80000184,BGE_0x02905e63,0x80000188,JAL_0x0040006f,732009905
3,732009895,0x800001b4,REGEXT_0x0010200b,0x8000018c,VADD_VV_0x02500357,0x800001b8,VMV_V_X_0x5e024057,732009905
4,732009975,0x800001b4,REGEXT_0x0010200b,0x8000018c,VADD_VV_0x02500357,0x800001b8,VMV_V_X_0x5e024057,732009985
7,732009985,0x800001b4,REGEXT_0x0010200b,0x8000018c,VADD_VV_0x02500357,0x800001b8,VMV_V_X_0x5e024057,732009995
0,732009995,0x800001b4,REGEXT_0x0010200b,0x8000018c,VADD_VV_0x02500357,0x800001b8,VMV_V_X_0x5e024057,732010005
5,732010005,0x800001b4,REGEXT_0x0010200b,0x8000018c,VADD_VV_0x02500357,0x800001b8,VMV_V_X_0x5e024057,732010015
1,732010025,0x800001b4,REGEXT_0x0010200b,0x8000018c,VADD_VV_0x02500357,0x800001b8,VMV_V_X_0x5e024057,732010035
5,758696685,0x800001b4,REGEXT_0x0010200b,0x80000188,JAL_0x0040006f,0x80000188,JAL_0x0040006f,758696695
0,758696695,0x800001b4,REGEXT_0x0010200b,0x80000188,JAL_0x0040006f,0x80000188,JAL_0x0040006f,758696705
7,758696695,0x800001b4,REGEXT_0x0010200b,0x8000018c,VADD_VV_0x02500357,0x800001b8,VMV_V_X_0x5e024057,758696705
6,758696675,0x800001b4,REGEXT_0x0010200b,0x80000184,BGE_0x02905e63,0x80000188,JAL_0x0040006f,758696715
3,758696715,0x800001b4,REGEXT_0x0010200b,0x8000018c,VADD_VV_0x02500357,0x800001b8,VMV_V_X_0x5e024057,758696725
2,758696715,0x800001b4,REGEXT_0x0010200b,0x80000184,BGE_0x02905e63,0x80000188,JAL_0x0040006f,758696735
4,758696725,0x800001b4,REGEXT_0x0010200b,0x8000018c,VADD_VV_0x02500357,0x800001b8,VMV_V_X_0x5e024057,758696735
5,758696805,0x800001b4,REGEXT_0x0010200b,0x8000018c,VADD_VV_0x02500357,0x800001b8,VMV_V_X_0x5e024057,758696815
0,758696815,0x800001b4,REGEXT_0x0010200b,0x8000018c,VADD_VV_0x02500357,0x800001b8,VMV_V_X_0x5e024057,758696825
1,758696825,0x800001b4,REGEXT_0x0010200b,0x8000018c,VADD_VV_0x02500357,0x800001b8,VMV_V_X_0x5e024057,758696835
6,758696835,0x800001b4,REGEXT_0x0010200b,0x8000018c,VADD_VV_0x02500357,0x800001b8,VMV_V_X_0x5e024057,758696845
2,758696855,0x800001b4,REGEXT_0x0010200b,0x8000018c,VADD_VV_0x02500357,0x800001b8,VMV_V_X_0x5e024057,758696865
3,785665695,0x800001b4,REGEXT_0x0010200b,0x80000188,JAL_0x0040006f,0x80000188,JAL_0x0040006f,785665705
0,785665705,0x800001b4,REGEXT_0x0010200b,0x80000188,JAL_0x0040006f,0x80000188,JAL_0x0040006f,785665715
5,785665705,0x800001b4,REGEXT_0x0010200b,0x8000018c,VADD_VV_0x02500357,0x800001b8,VMV_V_X_0x5e024057,785665715
6,785665685,0x800001b4,REGEXT_0x0010200b,0x80000184,BGE_0x02905e63,0x80000188,JAL_0x0040006f,785665725
1,785665725,0x800001b4,REGEXT_0x0010200b,0x8000018c,VADD_VV_0x02500357,0x800001b8,VMV_V_X_0x5e024057,785665735
2,785665725,0x800001b4,REGEXT_0x0010200b,0x80000184,BGE_0x02905e63,0x80000188,JAL_0x0040006f,785665745
4,785665735,0x800001b4,REGEXT_0x0010200b,0x8000018c,VADD_VV_0x02500357,0x800001b8,VMV_V_X_0x5e024057,785665745
3,785665815,0x800001b4,REGEXT_0x0010200b,0x8000018c,VADD_VV_0x02500357,0x800001b8,VMV_V_X_0x5e024057,785665825
0,785665825,0x800001b4,REGEXT_0x0010200b,0x8000018c,VADD_VV_0x02500357,0x800001b8,VMV_V_X_0x5e024057,785665835
7,785665835,0x800001b4,REGEXT_0x0010200b,0x8000018c,VADD_VV_0x02500357,0x800001b8,VMV_V_X_0x5e024057,785665845
6,785665845,0x800001b4,REGEXT_0x0010200b,0x8000018c,VADD_VV_0x02500357,0x800001b8,VMV_V_X_0x5e024057,785665855
2,785665865,0x800001b4,REGEXT_0x0010200b,0x8000018c,VADD_VV_0x02500357,0x800001b8,VMV_V_X_0x5e024057,785665875
5,812485845,0x800001b4,REGEXT_0x0010200b,0x80000188,JAL_0x0040006f,0x80000188,JAL_0x0040006f,812485855
4,812485855,0x800001b4,REGEXT_0x0010200b,0x80000188,JAL_0x0040006f,0x80000188,JAL_0x0040006f,812485865
7,812485855,0x800001b4,REGEXT_0x0010200b,0x8000018c,VADD_VV_0x02500357,0x800001b8,VMV_V_X_0x5e024057,812485865
2,812485835,0x800001b4,REGEXT_0x0010200b,0x80000184,BGE_0x02905e63,0x80000188,JAL_0x0040006f,812485875
3,812485875,0x800001b4,REGEXT_0x0010200b,0x8000018c,VADD_VV_0x02500357,0x800001b8,VMV_V_X_0x5e024057,812485885
6,812485875,0x800001b4,REGEXT_0x0010200b,0x80000184,BGE_0x02905e63,0x80000188,JAL_0x0040006f,812485895
0,812485885,0x800001b4,REGEXT_0x0010200b,0x8000018c,VADD_VV_0x02500357,0x800001b8,VMV_V_X_0x5e024057,812485895
5,812485965,0x800001b4,REGEXT_0x0010200b,0x8000018c,VADD_VV_0x02500357,0x800001b8,VMV_V_X_0x5e024057,812485975
4,812485975,0x800001b4,REGEXT_0x0010200b,0x8000018c,VADD_VV_0x02500357,0x800001b8,VMV_V_X_0x5e024057,812485985
1,812485985,0x800001b4,REGEXT_0x0010200b,0x8000018c,VADD_VV_0x02500357,0x800001b8,VMV_V_X_0x5e024057,812485995
2,812485995,0x800001b4,REGEXT_0x0010200b,0x8000018c,VADD_VV_0x02500357,0x800001b8,VMV_V_X_0x5e024057,812486005
6,812486015,0x800001b4,REGEXT_0x0010200b,0x8000018c,VADD_VV_0x02500357,0x800001b8,VMV_V_X_0x5e024057,812486025
5,839453295,0x800001b4,REGEXT_0x0010200b,0x80000188,JAL_0x0040006f,0x80000188,JAL_0x0040006f,839453305
6,839453305,0x800001b4,REGEXT_0x0010200b,0x80000188,JAL_0x0040006f,0x80000188,JAL_0x0040006f,839453315
7,839453305,0x800001b4,REGEXT_0x0010200b,0x8000018c,VADD_VV_0x02500357,0x800001b8,VMV_V_X_0x5e024057,839453315
4,839453285,0x800001b4,REGEXT_0x0010200b,0x80000184,BGE_0x02905e63,0x80000188,JAL_0x0040006f,839453325
3,839453325,0x800001b4,REGEXT_0x0010200b,0x8000018c,VADD_VV_0x02500357,0x800001b8,VMV_V_X_0x5e024057,839453335
0,839453325,0x800001b4,REGEXT_0x0010200b,0x80000184,BGE_0x02905e63,0x80000188,JAL_0x0040006f,839453345
2,839453335,0x800001b4,REGEXT_0x0010200b,0x8000018c,VADD_VV_0x02500357,0x800001b8,VMV_V_X_0x5e024057,839453345
5,839453415,0x800001b4,REGEXT_0x0010200b,0x8000018c,VADD_VV_0x02500357,0x800001b8,VMV_V_X_0x5e024057,839453425
6,839453425,0x800001b4,REGEXT_0x0010200b,0x8000018c,VADD_VV_0x02500357,0x800001b8,VMV_V_X_0x5e024057,839453435
1,839453435,0x800001b4,REGEXT_0x0010200b,0x8000018c,VADD_VV_0x02500357,0x800001b8,VMV_V_X_0x5e024057,839453445
4,839453445,0x800001b4,REGEXT_0x0010200b,0x8000018c,VADD_VV_0x02500357,0x800001b8,VMV_V_X_0x5e024057,839453455
0,839453465,0x800001b4,REGEXT_0x0010200b,0x8000018c,VADD_VV_0x02500357,0x800001b8,VMV_V_X_0x5e024057,839453475
0,866288125,0x800001b4,REGEXT_0x0010200b,0x800001a0,JOIN_0x0000205b,0x800001b8,VMV_V_X_0x5e024057,866288135
4,866288145,0x800001b4,REGEXT_0x0010200b,0x800001a0,JOIN_0x0000205b,0x800001b8,VMV_V_X_0x5e024057,866288155
1,866288155,0x800001b4,REGEXT_0x0010200b,0x800001a0,JOIN_0x0000205b,0x800001b8,VMV_V_X_0x5e024057,866288165
3,866288195,0x800001b4,REGEXT_0x0010200b,0x800001a0,JOIN_0x0000205b,0x800001b8,VMV_V_X_0x5e024057,866288205
5,866288215,0x800001b4,REGEXT_0x0010200b,0x800001a0,JOIN_0x0000205b,0x800001b8,VMV_V_X_0x5e024057,866288225
6,866288215,0x800001b4,REGEXT_0x0010200b,0x800001a0,JOIN_0x0000205b,0x800001b8,VMV_V_X_0x5e024057,866288225
7,866288235,0x800001b4,REGEXT_0x0010200b,0x800001a0,JOIN_0x0000205b,0x800001b8,VMV_V_X_0x5e024057,866288245
2,866288235,0x800001b4,REGEXT_0x0010200b,0x800001a0,JOIN_0x0000205b,0x800001b8,VMV_V_X_0x5e024057,866288245
